Date,Open,High,Low,Close,Volume,Dividends,Stock Splits
2020-01-02 00:00:00-05:00,72.44430626298661,73.51053072743386,72.18753594245682,73.44939422607422,135480400,0.0,0.0
2020-01-03 00:00:00-05:00,72.66684845773884,73.50563951646919,72.50789503709451,72.73532104492188,146322800,0.0,0.0
2020-01-06 00:00:00-05:00,71.84518656447514,73.35403152307427,71.59085658127174,73.31490325927734,118387200,0.0,0.0
2020-01-07 00:00:00-05:00,73.32468003576207,73.5838982280375,72.74755499271944,72.9700927734375,108872000,0.0,0.0
2020-01-08 00:00:00-05:00,72.66927853716804,74.44957283156613,72.66927853716804,74.14389038085938,132079200,0.0,0.0
2020-01-09 00:00:00-05:00,75.1343195554946,75.91442198497518,74.87999705868182,75.71878814697266,170108400,0.0,0.0
2020-01-10 00:00:00-05:00,75.95597053464793,76.46218242207611,75.38128608246738,75.88993835449219,140644800,0.0,0.0
2020-01-13 00:00:00-05:00,76.21030506462371,77.53818781031924,76.09047247176342,77.51128387451172,121532000,0.0,0.0
2020-01-14 00:00:00-05:00,77.44773285961477,77.66048671761293,76.33993961114462,76.46465301513672,161954400,0.0,0.0
2020-01-15 00:00:00-05:00,76.26168375866634,77.15427530847171,75.69922339116567,76.136962890625,121923600,0.0,0.0
2020-01-16 00:00:00-05:00,76.68717596385548,77.20317188251663,76.32035697954758,77.0906753540039,108829200,0.0,0.0
2020-01-17 00:00:00-05:00,77.34255670067849,77.94658558770234,77.03198598353431,77.94414520263672,137816400,0.0,0.0
2020-01-21 00:00:00-05:00,77.5675566771938,78.01507263315128,77.27654630136448,77.41593933105469,110843200,0.0,0.0
2020-01-22 00:00:00-05:00,77.90745493546211,78.25226566242128,77.59688422788024,77.6922607421875,101832400,0.0,0.0
2020-01-23 00:00:00-05:00,77.74607444702163,78.14712604158791,77.19095020186973,78.0664291381836,104472000,0.0,0.0
2020-01-24 00:00:00-05:00,78.31585814043054,79.06905655250854,77.64824485978387,77.84143829345703,146537600,0.0,0.0
2020-01-27 00:00:00-05:00,75.82393271413133,76.24210428754456,74.55718621603168,75.552490234375,161940000,0.0,0.0
2020-01-28 00:00:00-05:00,76.44507358435213,77.86343725986345,76.34480883864568,77.68981170654297,162234000,0.0,0.0
2020-01-29 00:00:00-05:00,79.34295160882692,80.1744065049572,78.59219360790318,79.31604766845703,216229200,0.0,0.0
2020-01-30 00:00:00-05:00,78.38679105558155,79.25492652684616,77.94905154707077,79.20112609863281,126743200,0.0,0.0
2020-01-31 00:00:00-05:00,78.48214911831553,78.91010463537997,75.39109143579651,75.68943786621094,199588400,0.0,0.0
2020-02-03 00:00:00-05:00,74.41534296853129,76.66272124980865,73.90669058484998,75.4815673828125,173788400,0.0,0.0
2020-02-04 00:00:00-05:00,77.10780053277941,78.16668891770972,76.69696503392531,77.97349548339844,136616400,0.0,0.0
2020-02-05 00:00:00-05:00,79.11551082983787,79.4187529124352,77.99794140038723,78.60930633544922,118826800,0.0,0.0
2020-02-06 00:00:00-05:00,78.88321855304916,79.53126407170929,78.31831779310836,79.52881622314453,105425600,0.0,0.0
2020-02-07 00:00:00-05:00,79.02138686252282,79.27386672491559,77.95018582032571,78.44779205322266,117684000,0.1925,0.0
2020-02-10 00:00:00-05:00,77.0138010172313,78.82038116455078,76.93291260674283,78.82038116455078,109348800,0.0,0.0
2020-02-11 00:00:00-05:00,79.32290809960199,79.39644303063982,78.12423635903461,78.3448486328125,94323200,0.0,0.0
2020-02-12 00:00:00-05:00,78.80076846753767,80.21024498779705,78.80076846753767,80.2053451538086,113730400,0.0,0.0
2020-02-13 00:00:00-05:00,79.46750930343563,79.96511547779288,79.26160407411493,79.63419342041016,94747600,0.0,0.0
2020-02-14 00:00:00-05:00,79.6023190508929,79.90628077564217,79.13903419436134,79.65380096435547,80113600,0.0,0.0
2020-02-18 00:00:00-05:00,77.30305645945641,78.37916492593699,77.11921166291395,78.19532012939453,152531200,0.0,0.0
2020-02-19 00:00:00-05:00,78.44044819216211,79.5606776382658,78.44044819216211,79.32780456542969,93984000,0.0,0.0
2020-02-20 00:00:00-05:00,79.08512570920132,79.58027830709894,78.00166381080876,78.51397705078125,100566000,0.0,0.0
2020-02-21 00:00:00-05:00,78.10216448230571,78.55074993816775,76.11173951225685,76.73680877685547,129554000,0.0,0.0
2020-02-24 00:00:00-05:00,72.86626953756218,74.56253988460392,70.89790502092276,73.09178161621094,222195200,0.0,0.0
2020-02-25 00:00:00-05:00,73.77078776880475,74.15808416146942,70.13801298660944,70.61600494384766,230673600,0.0,0.0
2020-02-26 00:00:00-05:00,70.23605679179596,73.01824251988717,70.228703300101,71.7362289428711,198054800,0.0,0.0
2020-02-27 00:00:00-05:00,68.90502875186128,70.10614654976295,66.9096963747264,67.04696655273438,320605600,0.0,0.0
2020-02-28 00:00:00-05:00,63.061222270875945,68.24564431668465,62.843056176500895,67.00775146484375,426510000,0.0,0.0
2020-03-02 00:00:00-05:00,69.1942841099788,73.89090711790502,68.07650825630648,73.24622344970703,341397200,0.0,0.0
2020-03-03 00:00:00-05:00,74.43752477177557,74.5184131788004,70.05711045017287,70.91996002197266,319475600,0.0,0.0
2020-03-04 00:00:00-05:00,72.66526340507036,74.37134088521833,71.8538957000222,74.20955657958984,219178400,0.0,0.0
2020-03-05 00:00:00-05:00,72.43974416484996,73.42760316393586,71.43227834711573,71.80242156982422,187572800,0.0,0.0
2020-03-06 00:00:00-05:00,69.12563136585776,71.28764758904255,68.93688676757817,70.84886932373047,226176800,0.0,0.0
2020-03-09 00:00:00-04:00,64.65209108516889,68.16720293122877,64.4682462763959,65.24530029296875,286744800,0.0,0.0
2020-03-10 00:00:00-04:00,67.93433445264945,70.21400699266337,66.02969752676506,69.94436645507812,285290000,0.0,0.0
2020-03-11 00:00:00-04:00,67.99560503233391,68.93443570573422,66.64004907130153,67.51515197753906,255598800,0.0,0.0
2020-03-12 00:00:00-04:00,62.73764322830044,66.18411936414314,60.791339267805554,60.84771728515625,418474000,0.0,0.0
2020-03-13 00:00:00-04:00,64.93154406062646,68.61579402853982,62.004730128384246,68.1377944946289,370732000,0.0,0.0
2020-03-16 00:00:00-04:00,59.308319808711644,63.507331653125206,58.830324172873304,59.37205505371094,322423600,0.0,0.0
2020-03-17 00:00:00-04:00,60.67123445321485,63.14700887087702,58.43813277988301,61.982662200927734,324056000,0.0,0.0
2020-03-18 00:00:00-04:00,58.77395756450696,61.28159957168745,58.12437036484787,60.465328216552734,300233600,0.0,0.0
2020-03-19 00:00:00-04:00,60.64181707162396,61.977755140226584,59.47011323439587,60.002037048339844,271857200,0.0,0.0
2020-03-20 00:00:00-04:00,60.590340078653426,61.73018005128595,55.88881765221664,56.19277572631836,401693200,0.0,0.0
2020-03-23 00:00:00-04:00,55.908424874273656,56.01137750443544,52.11631949848862,54.99900436401367,336752800,0.0,0.0
2020-03-24 00:00:00-04:00,57.938073097724,60.71535551687223,57.433113337939204,60.51680374145508,287531200,0.0,0.0
2020-03-25 00:00:00-04:00,61.46544353095284,63.3038914929953,59.88437903166272,60.183433532714844,303602000,0.0,0.0
2020-03-26 00:00:00-04:00,60.428546875380185,63.40928035136207,60.38932576298185,63.3504524230957,252087200,0.0,0.0
2020-03-27 00:00:00-04:00,61.95569337549056,62.720486494436145,60.55847373882775,60.72761154174805,204216800,0.0,0.0
2020-03-30 00:00:00-04:00,61.46298899031947,62.634692770766556,61.13451680315638,62.46065139770508,167976400,0.0,0.0
2020-03-31 00:00:00-04:00,62.65430581108365,64.34322272211669,61.7718493245995,62.333187103271484,197002000,0.0,0.0
2020-04-01 00:00:00-04:00,60.423649819505336,60.96783065666006,58.61706968103717,59.05339431762695,176218400,0.0,0.0
2020-04-02 00:00:00-04:00,58.91367390202423,60.092731203989615,58.07043854734671,60.03880310058594,165934000,0.0,0.0
2020-04-03 00:00:00-04:00,59.516693734105424,60.22755883459327,58.57785912490094,59.175968170166016,129880000,0.0,0.0
2020-04-06 00:00:00-04:00,61.502204008425956,64.49519485609083,61.12961462347769,64.33831787109375,201820400,0.0,0.0
2020-04-07 00:00:00-04:00,66.38021365160822,66.60083335467411,63.48772566751543,63.5931282043457,202887200,0.0,0.0
2020-04-08 00:00:00-04:00,64.4044968292267,65.53943306230032,64.03436111594498,65.22077178955078,168895200,0.0,0.0
2020-04-09 00:00:00-04:00,65.8654666387787,66.20128860970172,64.8849610392772,65.69142150878906,161834800,0.0,0.0
2020-04-13 00:00:00-04:00,65.7698566716996,67.09109141551,65.1619405724144,66.98078155517578,131022800,0.0,0.0
2020-04-14 00:00:00-04:00,68.6353873792347,70.65768004308714,68.1573879391496,70.363525390625,194994800,0.0,0.0
2020-04-15 00:00:00-04:00,69.22369193883785,70.18703686868898,68.78982091594234,69.72129821777344,131154400,0.0,0.0
2020-04-16 00:00:00-04:00,70.44442161733747,70.64542704810891,69.2114362017795,70.27528381347656,157125200,0.0,0.0
2020-04-17 00:00:00-04:00,69.78502397817783,70.33901194520352,67.86568039154538,69.32173156738281,215250000,0.0,0.0
2020-04-20 00:00:00-04:00,68.13288435703709,69.04720102107831,67.86324382690088,67.88285064697266,130015200,0.0,0.0
2020-04-21 00:00:00-04:00,67.72351944980994,67.9612923498638,65.06389659390793,65.7845687866211,180991600,0.0,0.0
2020-04-22 00:00:00-04:00,67.06903534737764,68.12062977062288,66.72341368248148,67.67940521240234,116862400,0.0,0.0
2020-04-23 00:00:00-04:00,67.62300423307695,69.06434835211402,67.37787788577576,67.41709899902344,124814400,0.0,0.0
2020-04-24 00:00:00-04:00,67.94903445253742,69.37321809933754,67.90000618504823,69.36341094970703,126161200,0.0,0.0
2020-04-27 00:00:00-04:00,69.07661562100978,69.748267035045,68.62313777149355,69.41244506835938,117087600,0.0,0.0
2020-04-28 00:00:00-04:00,69.88063711210464,70.06448192865683,68.19417361202429,68.28731536865234,112004800,0.0,0.0
2020-04-29 00:00:00-04:00,69.79483329996334,71.00575815366946,69.5889280489764,70.53021240234375,137280800,0.0,0.0
2020-04-30 00:00:00-04:00,71.07685056969841,72.19708004017089,70.68220064686538,72.01813507080078,183064000,0.0,0.0
2020-05-01 00:00:00-04:00,70.16743012955956,73.29279164624737,70.06938106830604,70.85868835449219,240616800,0.0,0.0
2020-05-04 00:00:00-04:00,70.88319994998587,71.9911685157096,70.18458825750945,71.86125183105469,133568000,0.0,0.0
2020-05-05 00:00:00-04:00,72.3269805698956,73.78303169413994,72.17990326307708,72.9397964477539,147751200,0.0,0.0
2020-05-06 00:00:00-04:00,73.65066226444077,74.33211322966906,73.26091225906879,73.69233703613281,142333600,0.0,0.0
2020-05-07 00:00:00-04:00,74.32721837683808,74.80521779167223,74.02081041365288,74.45468139648438,115215200,0.0,0.0
2020-05-08 00:00:00-04:00,75.1232276630062,76.28089597674987,74.79140980212334,76.22682189941406,133838400,0.205,0.0
2020-05-11 00:00:00-04:00,75.7278830115551,77.9276985029795,75.51649975989595,77.4262924194336,145946400,0.0,0.0
2020-05-12 00:00:00-04:00,78.11941001849567,78.57658318799227,76.41854790630298,76.54144287109375,162301200,0.0,0.0
2020-05-13 00:00:00-04:00,76.72332612236747,77.65733236876112,74.52596352022616,75.61727142333984,200622400,0.0,0.0
2020-05-14 00:00:00-04:00,74.84549456942912,76.14326510993327,74.11303787197694,76.08181762695312,158929200,0.0,0.0
2020-05-15 00:00:00-04:00,73.82300871596216,75.67871973084273,73.78859452451246,75.63201904296875,166348400,0.0,0.0
2020-05-18 00:00:00-04:00,76.9740352637773,77.79251242586557,76.27353246686883,77.41399383544922,135178400,0.0,0.0
2020-05-19 00:00:00-04:00,77.4311985966177,78.28900302154635,76.93470565598766,76.96665954589844,101729600,0.0,0.0
2020-05-20 00:00:00-04:00,77.83675502823559,78.53479754543307,77.79742773841852,78.4635238647461,111504800,0.0,0.0
2020-05-21 00:00:00-04:00,78.32341920782444,78.87153344655218,77.63766320975122,77.8785400390625,102688800,0.0,0.0
2020-05-22 00:00:00-04:00,77.61308817781622,78.46352678757695,77.50986060150046,78.37995910644531,81803200,0.0,0.0
2020-05-26 00:00:00-04:00,79.51303987364781,79.69492201587956,77.79251041734013,77.84904479980469,125522000,0.0,0.0
2020-05-27 00:00:00-04:00,77.70402586989616,78.33570023889469,76.95436214267092,78.18822479248047,112945200,0.0,0.0
2020-05-28 00:00:00-04:00,77.85889199590245,79.49831452042315,77.57869530934768,78.22266387939453,133560800,0.0,0.0
2020-05-29 00:00:00-04:00,78.46843041682207,78.93542975545535,77.78513475269645,78.14644622802734,153532400,0.0,0.0
2020-06-01 00:00:00-04:00,78.0997503254908,79.23038550465778,77.9670216629195,79.10749053955078,80791200,0.0,0.0
2020-06-02 00:00:00-04:00,78.83712170387453,79.49829722953896,78.38978222165667,79.47371673583984,87642800,0.0,0.0
2020-06-03 00:00:00-04:00,79.79814785550417,80.17666639237426,79.21807980541254,79.91120910644531,104491200,0.0,0.0
2020-06-04 00:00:00-04:00,79.73179412641196,80.03411092127435,78.84448863279698,79.22300720214844,87560400,0.0,0.0
2020-06-05 00:00:00-04:00,79.4761760414432,81.54080997081543,79.44668244973856,81.47936248779297,137250400,0.0,0.0
2020-06-08 00:00:00-04:00,81.17212179676845,81.99551953622186,80.4519591250284,81.96110534667969,95654400,0.0,0.0
2020-06-09 00:00:00-04:00,81.63667349860268,84.94745675815876,81.60471960655923,84.54927825927734,147712400,0.0,0.0
2020-06-10 00:00:00-04:00,85.51029992534069,87.19887524371545,85.06542083130559,86.72450256347656,166651600,0.0,0.0
2020-06-11 00:00:00-04:00,85.85687275156663,86.28700509351323,82.45760160104162,82.56082916259766,201662400,0.0,0.0
2020-06-12 00:00:00-04:00,84.72871573513996,85.48574551532514,82.14792114222807,83.27363586425781,200146000,0.0,0.0
2020-06-15 00:00:00-04:00,81.90949064097326,84.96465753893055,81.74480809457165,84.30348205566406,138808800,0.0,0.0
2020-06-16 00:00:00-04:00,86.38532354627313,86.8130031094928,84.72870187879771,86.53771209716797,165428800,0.0,0.0
2020-06-17 00:00:00-04:00,87.29228596392288,87.35373344207585,86.29437951879171,86.41727447509766,114406400,0.0,0.0
2020-06-18 00:00:00-04:00,86.37304372219728,86.87445730009193,85.83476315348251,86.45169830322266,96820400,0.0,0.0
2020-06-19 00:00:00-04:00,87.16695438460499,87.63886690388097,84.83440258044807,85.9576644897461,264476000,0.0,0.0
2020-06-22 00:00:00-04:00,86.35583657428968,88.35164968589883,86.30913588564103,88.20663452148438,135445200,0.0,0.0
2020-06-23 00:00:00-04:00,89.46753016434432,91.5272508776146,89.04231090581696,90.0893783569336,212155600,0.0,0.0
2020-06-24 00:00:00-04:00,89.71332548794986,90.64487143368325,88.12060402279384,88.4991226196289,192623200,0.0,0.0
2020-06-25 00:00:00-04:00,88.65642957545136,89.71332326006765,87.88710590460931,89.67399597167969,137522400,0.0,0.0
2020-06-26 00:00:00-04:00,89.56830866944493,89.79197840430136,86.76875778574666,86.91869354248047,205256800,0.0,0.0
2020-06-29 00:00:00-04:00,86.8252873285917,89.01773666712795,86.34108089681469,88.921875,130646000,0.0,0.0
2020-06-30 00:00:00-04:00,88.50404799690425,89.95421480260728,88.48438809995109,89.66417694091797,140223200,0.0,0.0
2020-07-01 00:00:00-04:00,89.74281045029252,90.29337744662891,89.44540676040505,89.49456024169922,110737200,0.0,0.0
2020-07-02 00:00:00-04:00,90.41381960276206,91.05778796474394,89.37904618524718,89.49456024169922,114041600,0.0,0.0
2020-07-06 00:00:00-04:00,90.94227235099305,92.36293781903419,90.91031846056144,91.88856506347656,118655600,0.0,0.0
2020-07-07 00:00:00-04:00,92.27201122088779,93.06099490452057,91.4904009361333,91.60346221923828,112424400,0.0,0.0
2020-07-08 00:00:00-04:00,92.59397870495071,93.76885421924709,92.50549043352197,93.73690032958984,117092000,0.0,0.0
2020-07-09 00:00:00-04:00,94.64140542435378,94.6954795066353,93.07818513807288,94.13999938964844,125642800,0.0,0.0
2020-07-10 00:00:00-04:00,93.72951716068484,94.36365928692301,93.11012932890752,94.3046646118164,90257200,0.0,0.0
2020-07-13 00:00:00-04:00,95.62702532768218,98.27172725756527,93.65333257728977,93.86962890625,191649200,0.0,0.0
2020-07-14 00:00:00-04:00,93.24287151803179,95.61720332715778,92.29658621444489,95.42303466796875,170989200,0.0,0.0
2020-07-15 00:00:00-04:00,97.3229888746132,97.57615222924912,94.8650893146862,96.07929229736328,153198000,0.0,0.0
2020-07-16 00:00:00-04:00,94.93636861308676,95.76467954815372,94.28993984154266,94.89704132080078,110577600,0.0,0.0
2020-07-17 00:00:00-04:00,95.35420363342423,95.51150528367798,94.226021285989,94.70531463623047,92186800,0.0,0.0
2020-07-20 00:00:00-04:00,94.79380890541147,96.84123579322666,94.44478389225215,96.70113372802734,90318000,0.0,0.0
2020-07-21 00:00:00-04:00,97.50240832549572,97.57860260403032,95.1133298962119,95.36649322509766,103433200,0.0,0.0
2020-07-22 00:00:00-04:00,95.06416499740787,96.32506849165483,94.97568422633032,95.6343994140625,89001600,0.0,0.0
2020-07-23 00:00:00-04:00,95.36403068027556,95.44268525656057,90.46052617296937,91.28146362304688,197004400,0.0,0.0
2020-07-24 00:00:00-04:00,89.45526363441911,91.40437631923335,87.64378523343652,91.05535125732422,185438800,0.0,0.0
2020-07-27 00:00:00-04:00,92.13188953692175,93.3067650139875,91.90576701882748,93.21336364746094,121214000,0.0,0.0
2020-07-28 00:00:00-04:00,92.77831930685592,92.95774864473186,91.67717778979865,91.68209838867188,103625600,0.0,0.0
2020-07-29 00:00:00-04:00,92.1712144608814,93.62629400023874,92.13434747527958,93.43949127197266,90329200,0.0,0.0
2020-07-30 00:00:00-04:00,92.60135726025031,94.6758248948994,92.1884319730184,94.57013702392578,158130000,0.0,0.0
2020-07-31 00:00:00-04:00,101.15240136457156,104.62295436963531,99.1270870110511,104.47056579589844,374336800,0.0,0.0
2020-08-03 00:00:00-04:00,106.37788298554244,109.75749465907809,106.07556616005819,107.10296630859375,308151200,0.0,0.0
2020-08-04 00:00:00-04:00,107.29468065175207,108.92426913045954,106.56222394084813,107.8182144165039,173071600,0.0,0.0
2020-08-05 00:00:00-04:00,107.53556047772175,108.53346704730045,107.06364048625281,108.20902252197266,121776800,0.0,0.0
2020-08-06 00:00:00-04:00,108.54576061135782,112.48577335837167,107.94849281055836,111.98435974121094,202428800,0.0,0.0
2020-08-07 00:00:00-04:00,111.49927864365549,111.962198092641,108.6306644158152,109.43830871582031,198045600,0.205,0.0
2020-08-10 00:00:00-04:00,110.90337990375825,112.060678408226,108.34255732443188,111.02896118164062,212403600,0.0,0.0
2020-08-11 00:00:00-04:00,110.28287510716488,110.78764992470187,107.46350328337932,107.72697448730469,187902400,0.0,0.0
2020-08-12 00:00:00-04:00,108.83256566144621,111.56821931490742,108.63558218686467,111.30721282958984,165598000,0.0,0.0
2020-08-13 00:00:00-04:00,112.70579894745286,114.29400522438101,112.21086808158992,113.27706146240234,210082000,0.0,0.0
2020-08-14 00:00:00-04:00,113.09979291046915,113.26722962035582,111.34168491334464,113.1761245727539,165565200,0.0,0.0
2020-08-17 00:00:00-04:00,114.31371656666556,114.3383413795298,112.2453600315133,112.8806381225586,119561600,0.0,0.0
2020-08-18 00:00:00-04:00,112.62948360864733,114.2521588421951,112.28968072702213,113.82125091552734,105633600,0.0,0.0
2020-08-19 00:00:00-04:00,114.23491582468814,115.39713631194226,113.86803092461577,113.96405792236328,145538000,0.0,0.0
2020-08-20 00:00:00-04:00,114.00592594788169,116.60861163313753,113.98868782731864,116.49288177490234,126907200,0.0,0.0
2020-08-21 00:00:00-04:00,117.46549260350454,122.98604178882164,117.45318395477696,122.49604034423828,338054800,0.0,0.0
2020-08-24 00:00:00-04:00,126.7583248537828,126.84451545115485,122.07005230961386,123.96112060546875,345937600,0.0,0.0
2020-08-25 00:00:00-04:00,122.8186095789119,123.29383765661224,121.19839157908142,122.94418334960938,211495600,0.0,0.0
2020-08-26 00:00:00-04:00,124.27875838486543,125.07901588164371,123.19779157459509,124.61609649658203,163022400,0.0,0.0
2020-08-27 00:00:00-04:00,125.22677965116675,125.56411782328166,121.96664803230644,123.12641143798828,155552400,0.0,0.0
2020-08-28 00:00:00-04:00,124.11377092718449,124.53729209109831,122.70039556694917,122.92693328857422,187630000,0.0,0.0
2020-08-31 00:00:00-04:00,125.65766460714929,129.02613126887172,124.10146977005982,127.09565734863281,225702700,0.0,4.0
2020-09-01 00:00:00-04:00,130.75963131714082,132.76890200300292,128.5632360833583,132.15823364257812,151948100,0.0,0.0
2020-09-02 00:00:00-04:00,135.5168546187069,135.90097767994007,125.08642339309498,129.4201202392578,200119000,0.0,0.0
2020-09-03 00:00:00-04:00,124.99776486494186,126.89867703669363,118.68434506020363,119.0586166381836,257599600,0.0,0.0
2020-09-04 00:00:00-04:00,118.26083900410055,121.83614109340583,109.21915880998638,119.1374282836914,332607200,0.0,0.0
2020-09-08 00:00:00-04:00,112.23304230134589,117.19710242508711,110.98218147834314,111.12007141113281,231366600,0.0,0.0
2020-09-09 00:00:00-04:00,115.49317544249516,117.34484565113252,113.52331064054304,115.5522689819336,176940500,0.0,0.0
2020-09-10 00:00:00-04:00,118.54645608818485,118.68434601351859,110.80488735701944,111.77996826171875,182274400,0.0,0.0
2020-09-11 00:00:00-04:00,112.84369955658933,113.49375851750145,108.342558997018,110.31242370605469,180860300,0.0,0.0
2020-09-14 00:00:00-04:00,112.99142438199225,114.18319145487123,111.10035634144556,113.62178039550781,140150100,0.0,0.0
2020-09-15 00:00:00-04:00,116.54704975276317,117.03951594032887,111.89816773983296,113.79908752441406,184642000,0.0,0.0
2020-09-16 00:00:00-04:00,113.4937643006112,114.25215894588206,110.35182752497933,110.44046783447266,154679000,0.0,0.0
2020-09-17 00:00:00-04:00,108.06678355311506,110.50941168398354,107.0719997303857,108.67743682861328,178011000,0.0,0.0
2020-09-18 00:00:00-04:00,108.73654344756353,109.20930681315063,104.49147949914452,105.23017883300781,287104900,0.0,0.0
2020-09-21 00:00:00-04:00,102.9648300145257,108.52969936213563,101.54652500877287,108.42135620117188,195713800,0.0,0.0
2020-09-22 00:00:00-04:00,110.98218381546238,111.15947194913076,107.51522505248248,110.12528991699219,183055400,0.0,0.0
2020-09-23 00:00:00-04:00,109.93815423798861,110.42076899697301,105.16122621484526,105.5059585571289,150718700,0.0,0.0
2020-09-24 00:00:00-04:00,103.58533914770086,108.58879756457209,103.41790244244962,106.58938598632812,167743300,0.0,0.0
2020-09-25 00:00:00-04:00,106.79621537272244,110.74579621363944,106.04766468014512,110.58820343017578,149981400,0.0,0.0
2020-09-28 00:00:00-04:00,113.27707097306637,113.58239759504754,111.08066853987341,113.22782135009766,137672400,0.0,0.0
2020-09-29 00:00:00-04:00,112.8240090479027,113.57255225900042,111.85877199278283,112.37093353271484,99382200,0.0,0.0
2020-09-30 00:00:00-04:00,112.07545757841802,115.49317417459483,111.90802087555532,114.06501770019531,142675200,0.0,0.0
2020-10-01 00:00:00-04:00,115.86744154750302,115.94623793930441,114.08471639101225,115.0302505493164,116120400,0.0,0.0
2020-10-02 00:00:00-04:00,111.18902386441434,113.63165965083283,110.52912092528113,111.31706237792969,144712000,0.0,0.0
2020-10-05 00:00:00-04:00,112.1936649612247,114.89237791390003,111.83908865918693,114.74463653564453,106243800,0.0,0.0
2020-10-06 00:00:00-04:00,113.95666998366117,114.37034728197648,110.55865637912022,111.45494842529297,161498200,0.0,0.0
2020-10-07 00:00:00-04:00,112.8929631515479,113.80895065518865,112.41034082771031,113.34603118896484,96849000,0.0,0.0
2020-10-08 00:00:00-04:00,114.49838307536596,114.64612442738293,112.8633918047362,113.2376708984375,83477200,0.0,0.0
2020-10-09 00:00:00-04:00,113.5430042820877,115.2370891887104,113.18842802189049,115.2075424194336,100506900,0.0,0.0
2020-10-12 00:00:00-04:00,118.25098593620545,123.29384271690733,117.48273983795048,122.52559661865234,240226800,0.0,0.0
2020-10-13 00:00:00-04:00,123.38248071113655,123.50067530650824,117.84716533056056,119.27531433105469,262330500,0.0,0.0
2020-10-14 00:00:00-04:00,119.17680547014797,121.17621678936203,117.81760163361962,119.36394500732422,150712000,0.0,0.0
2020-10-15 00:00:00-04:00,116.93117619544134,119.37380434907247,116.36976502578567,118.89118957519531,112559200,0.0,0.0
2020-10-16 00:00:00-04:00,119.45260343985163,119.71853940299452,117.01981914497772,117.22665405273438,115393800,0.0,0.0
2020-10-19 00:00:00-04:00,118.15248666169036,118.60555465191494,113.91728196292783,114.23246002197266,120639300,0.0,0.0
2020-10-20 00:00:00-04:00,114.44914382458508,117.18726225537392,113.88773264759541,115.73941040039062,124423700,0.0,0.0
2020-10-21 00:00:00-04:00,114.91206357287841,116.92132661027344,114.695377238291,115.10905456542969,89946000,0.0,0.0
2020-10-22 00:00:00-04:00,115.68031015401087,116.26142419148267,112.86340282116585,114.00592803955078,101988000,0.0,0.0
2020-10-23 00:00:00-04:00,114.63627489810975,114.79386768005375,112.5580670514573,113.3066177368164,82572600,0.0,0.0
2020-10-26 00:00:00-04:00,112.2921443232474,114.79387350527799,111.17916590899272,113.31647491455078,111850700,0.0,0.0
2020-10-27 00:00:00-04:00,113.74982607754119,115.51285574752224,112.81414342418957,114.84310150146484,92276800,0.0,0.0
2020-10-28 00:00:00-04:00,113.31647857737264,113.6907501939238,109.42599098737291,109.52448272705078,143937800,0.0,0.0
2020-10-29 00:00:00-04:00,110.67685005571292,115.16813913385836,110.50940584647948,113.5823974609375,146129200,0.0,0.0
2020-10-30 00:00:00-04:00,109.38659009866929,110.30257753258067,106.09691948480902,107.21974182128906,190272600,0.0,0.0
2020-11-02 00:00:00-05:00,107.46596150964284,109.01230488632983,105.70293182937321,107.1310806274414,122866900,0.0,0.0
2020-11-03 00:00:00-05:00,108.00767869752366,109.810099080075,107.09169136581129,108.77592468261719,107624400,0.0,0.0
2020-11-04 00:00:00-05:00,112.42018657023176,113.84833558301717,110.65715662489676,113.21797943115234,138235500,0.0,0.0
2020-11-05 00:00:00-05:00,116.17276723426605,117.81760996347394,115.10904601128985,117.23649597167969,126387100,0.0,0.0
2020-11-06 00:00:00-05:00,116.73826082693067,117.60649400104707,114.57753502507215,117.10331726074219,114457900,0.205,0.0
2020-11-09 00:00:00-05:00,118.8891123056454,120.35919133768579,114.49860453021515,114.7649917602539,154515300,0.0,0.0
2020-11-10 00:00:00-05:00,114.00528663141334,116.01800851085419,112.60426401105487,114.41967010498047,138023400,0.0,0.0
2020-11-11 00:00:00-05:00,115.62336794488583,118.03074410373438,114.88339419156142,117.89261627197266,112295000,0.0,0.0
2020-11-12 00:00:00-05:00,118.02087082245754,118.91870163469648,116.98490466554959,117.61634826660156,103162300,0.0,0.0
2020-11-13 00:00:00-05:00,117.84329683321437,118.0702179169112,116.29428531041246,117.66570281982422,81581900,0.0,0.0
2020-11-16 00:00:00-05:00,117.33023125715111,119.37255842361236,116.57052821654172,118.69178771972656,91183000,0.0,0.0
2020-11-17 00:00:00-05:00,117.9518176201875,119.05684025862948,117.36970102823494,117.79395294189453,74271000,0.0,0.0
2020-11-18 00:00:00-05:00,117.02438134589235,118.21820474662464,116.42253543340883,116.45213317871094,76322100,0.0,0.0
2020-11-19 00:00:00-05:00,116.01801928814912,117.46836910776369,115.24844775792161,117.05398559570312,74113000,0.0,0.0
2020-11-20 00:00:00-05:00,117.05397112262327,117.18223051933509,115.72201998288698,115.77134704589844,73604300,0.0,0.0
2020-11-23 00:00:00-05:00,115.61350357503453,116.04762393431139,112.22935652338705,112.32801818847656,127959300,0.0,0.0
2020-11-24 00:00:00-05:00,112.38722811728253,114.30128862535388,111.08486695940292,113.63037872314453,113874200,0.0,0.0
2020-11-25 00:00:00-05:00,114.00528761111684,115.18924255359775,113.63036277498973,114.47886657714844,76499200,0.0,0.0
2020-11-27 00:00:00-05:00,115.01163512272242,115.91933430773845,114.66631559879252,115.03136444091797,46691300,0.0,0.0
2020-11-30 00:00:00-05:00,115.40630803600232,119.35283472939781,115.2484433551134,117.45850372314453,169410200,0.0,0.0
2020-12-01 00:00:00-05:00,119.39229803815658,121.81941099313616,118.40566638845421,121.07943725585938,127728200,0.0,0.0
2020-12-02 00:00:00-05:00,120.38879662784004,121.7207554437209,119.27390551757641,121.43463134765625,89004200,0.0,0.0
2020-12-03 00:00:00-05:00,121.86872648252192,122.12525279474896,120.57624155295731,121.2964859008789,78967600,0.0,0.0
2020-12-04 00:00:00-05:00,120.96103458689164,121.21756091466219,119.89547063529267,120.61571502685547,78260400,0.0,0.0
2020-12-07 00:00:00-05:00,120.67491301315073,122.90470261860384,120.61571752374822,122.09566497802734,86712000,0.0,0.0
2020-12-08 00:00:00-05:00,122.70738611209768,123.3092320457634,121.44449122467618,122.71724700927734,82225500,0.0,0.0
2020-12-09 00:00:00-05:00,122.86523744881764,124.26625257701626,119.3824289491483,120.1520004272461,115089200,0.0,0.0
2020-12-10 00:00:00-05:00,118.88911488312024,122.21406628307727,118.54379530802731,121.59248352050781,81312200,0.0,0.0
2020-12-11 00:00:00-05:00,120.79330414856453,121.11889437521494,118.93843949558305,120.77357482910156,86939800,0.0,0.0
2020-12-14 00:00:00-05:00,120.96103807440042,121.7010118075563,119.91521094030878,120.1520004272461,79184500,0.0,0.0
2020-12-15 00:00:00-05:00,122.67777889862523,126.19019278146928,122.47058715009211,126.17045593261719,157243700,0.0,0.0
2020-12-16 00:00:00-05:00,125.70674039133618,126.65389833147283,124.86809747857825,126.10138702392578,98208600,0.0,0.0
2020-12-17 00:00:00-05:00,127.1768078681534,127.84772518808066,126.32830408562407,126.97948455810547,94359800,0.0,0.0
2020-12-18 00:00:00-05:00,127.23601435831696,127.37414217643182,124.43397677498365,124.96675872802734,192541500,0.0,0.0
2020-12-21 00:00:00-05:00,123.34867588459537,126.59469466147966,121.7996646168325,126.51576232910156,121251600,0.0,0.0
2020-12-22 00:00:00-05:00,129.8505791426059,132.613150498777,127.91677467684534,130.11697387695312,168904800,0.0,0.0
2020-12-23 00:00:00-05:00,130.39321374132442,130.65959338866108,129.03165754684443,129.20925903320312,88223700,0.0,0.0
2020-12-24 00:00:00-05:00,129.5644754788446,131.6758666072375,129.3474153115029,130.20578002929688,54930100,0.0,0.0
2020-12-28 00:00:00-05:00,132.19878364385627,135.50399072449557,131.7251896000714,134.86268615722656,124486200,0.0,0.0
2020-12-29 00:00:00-05:00,136.20451333131984,136.93461117641147,132.5441029890705,133.0670166015625,121047300,0.0,0.0
2020-12-30 00:00:00-05:00,133.76752381668348,134.17204641511572,131.61665894450587,131.93238830566406,96452100,0.0,0.0
2020-12-31 00:00:00-05:00,132.2875703130068,132.9387507997743,129.95911907182915,130.91615295410156,99116600,0.0,0.0
2021-01-04 00:00:00-05:00,131.7350489540989,131.82384218056941,125.06541755917382,127.67999267578125,143301900,0.0,0.0
2021-01-05 00:00:00-05:00,127.1669516942027,129.9788578949181,126.71309451491517,129.25860595703125,97664900,0.0,0.0
2021-01-06 00:00:00-05:00,126.01258468915543,129.29806960725924,124.69049447777549,124.90755462646484,155088000,0.0,0.0
2021-01-07 00:00:00-05:00,126.6440254633426,129.87031482433989,126.15070969183608,129.1697998046875,109578200,0.0,0.0
2021-01-08 00:00:00-05:00,130.6596082360418,130.85694658882048,128.4890218487001,130.28469848632812,105158200,0.0,0.0
2021-01-11 00:00:00-05:00,127.46294420295764,128.429838996501,126.78216596140015,127.25574493408203,100384500,0.0,0.0
2021-01-12 00:00:00-05:00,126.78214018609324,127.95623400981434,125.16406522482075,127.07813262939453,91951100,0.0,0.0
2021-01-13 00:00:00-05:00,127.03868283035014,129.69272431486212,126.77230313060792,129.1402130126953,88636800,0.0,0.0
2021-01-14 00:00:00-05:00,129.05141678371305,129.2487400935058,127.03867988133797,127.18668365478516,90221800,0.0,0.0
2021-01-15 00:00:00-05:00,127.05840559152576,128.47915738518392,125.30220269514335,125.4403305053711,111598500,0.0,0.0
2021-01-19 00:00:00-05:00,126.07178967464868,126.98936492776333,125.24302271072867,126.12112426757812,90757300,0.0,0.0
2021-01-20 00:00:00-05:00,126.94001033011696,130.71881071998226,126.83148026469728,130.26495361328125,104319500,0.0,0.0
2021-01-21 00:00:00-05:00,132.01130171712393,137.80282398034336,131.80410247172318,135.04025268554688,120150900,0.0,0.0
2021-01-22 00:00:00-05:00,134.45815066417268,137.98043263490695,133.2150002917505,137.2108612060547,114459400,0.0,0.0
2021-01-25 00:00:00-05:00,141.1573879257308,143.15037288562132,134.71466983286234,141.00938415527344,157611700,0.0,0.0
2021-01-26 00:00:00-05:00,141.6802903154515,142.37092935884672,139.48009121711814,141.2461700439453,98390600,0.0,0.0
2021-01-27 00:00:00-05:00,141.512553798111,142.37093347058024,138.53293740272437,140.16087341308594,140843800,0.0,0.0
2021-01-28 00:00:00-05:00,137.65484686693952,140.09182815553712,134.87253849185583,135.25732421875,142621100,0.0,0.0
2021-01-29 00:00:00-05:00,134.014182627843,134.91202106796626,128.4693174150815,130.1959228515625,177523800,0.0,0.0
2021-02-01 00:00:00-05:00,131.96195506335516,133.5701691276449,129.1796471770233,132.34674072265625,106239800,0.0,0.0
2021-02-02 00:00:00-05:00,133.91549197674044,134.48774006484186,132.8104694920217,133.18539428710938,83305400,0.0,0.0
2021-02-03 00:00:00-05:00,133.9451218067156,133.95499775935372,131.823869552733,132.1494598388672,89880900,0.0,0.0
2021-02-04 00:00:00-05:00,134.4779045215245,135.56319036510234,132.7907576803665,135.55332946777344,84183100,0.0,0.0
2021-02-05 00:00:00-05:00,135.71635577496485,135.78551535000062,134.24407250863212,135.13336181640625,75693800,0.205,0.0
2021-02-08 00:00:00-05:00,134.41204765537506,135.33099400502664,133.3152494764812,135.28158569335938,71297200,0.0,0.0
2021-02-09 00:00:00-05:00,134.9950334557426,136.24005663349345,134.23420271078444,134.3922882080078,76774200,0.0,0.0
2021-02-10 00:00:00-05:00,134.85671032742326,135.36065406555431,132.8014479212679,133.77967834472656,73046600,0.0,0.0
2021-02-11 00:00:00-05:00,134.28358151769217,134.76775882115498,132.17892627004548,133.5227508544922,64280000,0.0,0.0
2021-02-12 00:00:00-05:00,132.7520457006172,133.9180035309504,132.09989212909142,133.75990295410156,60145100,0.0,0.0
2021-02-16 00:00:00-05:00,133.8784816798416,134.39228592235526,131.2105835313496,131.6058349609375,80576300,0.0,0.0
2021-02-17 00:00:00-05:00,129.6889100298202,130.64737403774845,127.93008258950458,129.28378295898438,97918500,0.0,0.0
2021-02-18 00:00:00-05:00,127.66327741815277,128.4537651421799,125.89457451674521,128.16722106933594,96856700,0.0,0.0
2021-02-19 00:00:00-05:00,128.6909268439454,129.15533785560834,127.2680518360674,128.3253173828125,87668800,0.0,0.0
2021-02-22 00:00:00-05:00,126.48744569681696,128.17711361840975,124.10611411804493,124.50135803222656,103916400,0.0,0.0
2021-02-23 00:00:00-05:00,122.28800075685619,125.20291044344674,116.98186881920896,124.36302185058594,158273000,0.0,0.0
2021-02-24 00:00:00-05:00,123.45396554477178,124.06658643751658,120.7761992004198,123.85908508300781,111039900,0.0,0.0
2021-02-25 00:00:00-05:00,123.19705497811775,124.95588243189756,119.10629678781062,119.55094146728516,148199500,0.0,0.0
2021-02-26 00:00:00-05:00,121.13190128129226,123.36502277439376,119.7584346536902,119.8177261352539,164560400,0.0,0.0
2021-03-01 00:00:00-05:00,122.2781088170522,126.40839190530752,121.32952802904883,126.27005767822266,116307900,0.0,0.0
2021-03-02 00:00:00-05:00,126.88269019831205,127.18900063416238,123.52312841979948,123.63182067871094,102260900,0.0,0.0
2021-03-03 00:00:00-05:00,123.32549901687776,124.21479586381393,120.39082319131343,120.60820770263672,112966300,0.0,0.0
2021-03-04 00:00:00-05:00,120.30189085526257,122.12988522500481,117.20912216566947,118.70115661621094,178155000,0.0,0.0
2021-03-05 00:00:00-05:00,119.54106095770466,120.48964176355658,116.17161605501653,119.97582244873047,153766600,0.0,0.0
2021-03-08 00:00:00-05:00,119.49164931097704,119.56081642389114,114.82778815834044,114.97600555419922,154376600,0.0,0.0
2021-03-09 00:00:00-05:00,117.61423884586408,120.608198383675,117.37709555122098,119.64973449707031,129525800,0.0,0.0
2021-03-10 00:00:00-05:00,120.24262364155533,120.71691030815165,118.0292607352703,118.55296325683594,111943300,0.0,0.0
2021-03-11 00:00:00-05:00,121.08250266795025,121.74453183779468,119.81772827223251,120.5093994140625,103026500,0.0,0.0
2021-03-12 00:00:00-05:00,118.96795769736715,119.72879596064367,117.74270843214974,119.59046173095703,88105100,0.0,0.0
2021-03-15 00:00:00-04:00,119.96595855152924,122.52514958973006,118.98772813907294,122.51526641845703,92403800,0.0,0.0
2021-03-16 00:00:00-04:00,124.20491284945797,125.7068380903118,123.23657325608511,124.07646179199219,115227900,0.0,0.0
2021-03-17 00:00:00-04:00,122.57453825441321,124.36300749688213,120.88487055422974,123.27609252929688,111932600,0.0,0.0
2021-03-18 00:00:00-04:00,121.41845242767641,121.71488721838439,118.88890369126125,119.09640502929688,121229700,0.0,0.0
2021-03-19 00:00:00-04:00,118.47390214909129,119.98570301114152,118.2565176389782,118.56282806396484,185549500,0.0,0.0
2021-03-22 00:00:00-04:00,118.8987919736577,122.39668797662458,118.82962485800512,121.92239379882812,111912300,0.0,0.0
2021-03-23 00:00:00-04:00,121.86310887924178,122.76228137553605,120.68726038389912,121.08250427246094,95467100,0.0,0.0
2021-03-24 00:00:00-04:00,121.3591766348489,121.43822692283295,118.64188517926279,118.6616439819336,88530500,0.0,0.0
2021-03-25 00:00:00-04:00,118.11818632847655,120.21297365924302,117.58460821011198,119.15569305419922,98844700,0.0,0.0
2021-03-26 00:00:00-04:00,118.91854647830435,120.03511099746672,117.50555470505059,119.76831817626953,94071200,0.0,0.0
2021-03-29 00:00:00-04:00,120.20308426645467,121.12202305518203,119.29402864755117,119.94617462158203,80819200,0.0,0.0
2021-03-30 00:00:00-04:00,118.68140117728822,118.96795279516004,117.44626879265958,118.4738998413086,85671900,0.0,0.0
2021-03-31 00:00:00-04:00,120.20309057864593,122.05084388430532,119.70903760260434,120.6971435546875,118323800,0.0,0.0
2021-04-01 00:00:00-04:00,122.18918663321244,122.7029984154108,121.03309693062825,121.53703308105469,75089100,0.0,0.0
2021-04-05 00:00:00-04:00,122.39668821773135,124.65945177518073,121.60620043273018,124.40254211425781,88651200,0.0,0.0
2021-04-06 00:00:00-04:00,124.99541396069796,125.61791805148911,124.15552533509536,124.7088623046875,80171300,0.0,0.0
2021-04-07 00:00:00-04:00,124.33337462855323,126.39851246428302,123.65157910448445,126.37875366210938,83466700,0.0,0.0
2021-04-08 00:00:00-04:00,127.41626099132043,128.83913599127877,126.99138266407479,128.8094940185547,88844600,0.0,0.0
2021-04-09 00:00:00-04:00,128.2561548085169,131.45760842414109,127.93007803705513,131.4180908203125,106686700,0.0,0.0
2021-04-12 00:00:00-04:00,130.94380579228547,131.26988256774257,129.07628613452243,129.6790313720703,91420000,0.0,0.0
2021-04-13 00:00:00-04:00,130.8647638721814,133.0583604456321,130.36082015185002,132.83108520507812,91266500,0.0,0.0
2021-04-14 00:00:00-04:00,133.3350015351867,133.3942854719176,130.0940156573121,130.45960998535156,87222800,0.0,0.0
2021-04-15 00:00:00-04:00,132.22836365337486,133.39432159764172,132.0504967177141,132.9002685546875,89347100,0.0,0.0
2021-04-16 00:00:00-04:00,132.702619495088,133.06821383712423,131.6947473001813,132.5642852783203,84922400,0.0,0.0
2021-04-19 00:00:00-04:00,131.92203840690274,133.8587329737753,131.7540621811861,133.23622131347656,94264200,0.0,0.0
2021-04-20 00:00:00-04:00,133.41404961651205,133.9179781477381,130.242223357871,131.52676391601562,94812300,0.0,0.0
2021-04-21 00:00:00-04:00,130.78569975052002,132.1591663717777,129.73830989108174,131.91213989257812,68847100,0.0,0.0
2021-04-22 00:00:00-04:00,131.4576198691411,132.55441816780217,129.84701728947417,130.37071228027344,84566500,0.0,0.0
2021-04-23 00:00:00-04:00,130.58808440561103,133.51286953927286,130.58808440561103,132.72239685058594,78657500,0.0,0.0
2021-04-26 00:00:00-04:00,133.22635280106368,133.4536129918501,131.97145378034168,133.11766052246094,66905100,0.0,0.0
2021-04-27 00:00:00-04:00,133.40418583761337,133.79943728460265,132.51489646716428,132.79156494140625,66015800,0.0,0.0
2021-04-28 00:00:00-04:00,132.7125088064057,133.4140706705968,131.4971426997117,131.99119567871094,107760100,0.0,0.0
2021-04-29 00:00:00-04:00,134.84680641826998,135.43967595858533,130.87461668367416,131.89236450195312,151101000,0.0,0.0
2021-04-30 00:00:00-04:00,130.21260942438363,131.97143692454657,129.51106259716315,129.89642333984375,109839500,0.0,0.0
2021-05-03 00:00:00-04:00,130.4695090139606,132.47537805597557,130.2620151981907,130.96356201171875,75135100,0.0,0.0
2021-05-04 00:00:00-04:00,129.62961570678945,129.92605049287462,125.19301477860373,126.32933807373047,137564700,0.0,0.0
2021-05-05 00:00:00-04:00,127.66328536420433,128.8984177982181,126.44791927077883,126.57637786865234,84000900,0.0,0.0
2021-05-06 00:00:00-04:00,126.36886689348935,128.2067445279649,125.61790427522031,128.19686889648438,78128300,0.0,0.0
2021-05-07 00:00:00-04:00,129.5132831322514,129.91908322153955,128.15726835623673,128.87982177734375,78973300,0.22,0.0
2021-05-10 00:00:00-04:00,128.08798336821943,128.21664505069202,125.51453827803982,125.55413055419922,88071200,0.0,0.0
2021-05-11 00:00:00-04:00,122.23836491615363,124.98006419122788,121.51581903166078,124.62374877929688,126142800,0.0,0.0
2021-05-12 00:00:00-04:00,122.1393923481443,123.36672284831488,121.00113881626868,121.51582336425781,112172300,0.0,0.0
2021-05-13 00:00:00-04:00,123.30732884664474,124.86128988223179,122.99059817542492,123.69334411621094,105861300,0.0,0.0
2021-05-14 00:00:00-04:00,124.96027963213207,126.58352543274192,124.56436436459062,126.14801788330078,81918000,0.0,0.0
2021-05-17 00:00:00-04:00,125.52444879576451,125.63332567649944,123.8913031361957,124.98006439208984,74244600,0.0,0.0
2021-05-18 00:00:00-04:00,125.26709996756591,125.6927075232993,123.50528510244554,123.57456970214844,63342900,0.0,0.0
2021-05-19 00:00:00-04:00,121.90184513007249,123.64386016273441,121.60490680215345,123.41621398925781,92612000,0.0,0.0
2021-05-20 00:00:00-04:00,123.95069194397722,126.41525275113119,123.82201515128581,126.00943756103516,76857100,0.0,0.0
2021-05-21 00:00:00-04:00,126.51422733686044,126.69238881068367,123.93088974215122,124.14864349365234,79295400,0.0,0.0
2021-05-24 00:00:00-04:00,124.72272864394957,126.63301275048374,124.65344404118223,125.80158996582031,63092900,0.0,0.0
2021-05-25 00:00:00-04:00,126.5142298159894,127.00912952093384,125.02955335552099,125.60363006591797,72009500,0.0,0.0
2021-05-26 00:00:00-04:00,125.66300742577396,126.08861495516939,125.1285230248038,125.55413055419922,56575900,0.0,0.0
2021-05-27 00:00:00-04:00,125.14832888488654,126.33606702028453,123.8022216373262,124.00017547607422,94625600,0.0,0.0
2021-05-28 00:00:00-04:00,124.28721288542458,124.51486659456722,123.2776362331405,123.33702087402344,71311100,0.0,0.0
2021-06-01 00:00:00-04:00,123.8022216936135,124.06946013119034,122.67386819903594,123.01039123535156,67637100,0.0,0.0
2021-06-02 00:00:00-04:00,123.01039436361917,123.96058640682482,122.78274819831168,123.78242492675781,59278900,0.0,0.0
2021-06-03 00:00:00-04:00,123.40630760658274,123.57456912629779,121.87213891129741,122.2779541015625,76229200,0.0,0.0
2021-06-04 00:00:00-04:00,122.8025432959107,124.87119650226568,122.58478953193067,124.60395050048828,75169300,0.0,0.0
2021-06-07 00:00:00-04:00,124.88108426558153,125.0295534219983,123.55477691822296,124.61384582519531,71057600,0.0,0.0
2021-06-08 00:00:00-04:00,125.30668989742985,127.14769683671643,124.92067462754142,125.44525909423828,74403800,0.0,0.0
2021-06-09 00:00:00-04:00,125.91046813086348,126.4449525939912,125.22751450273547,125.83128356933594,56877900,0.0,0.0
2021-06-10 00:00:00-04:00,125.72240085316918,126.88045424528792,124.65343952795544,124.82170104980469,71186400,0.0,0.0
2021-06-11 00:00:00-04:00,125.23740368209236,126.13811100117299,124.81179613983154,126.04902648925781,53522400,0.0,0.0
2021-06-14 00:00:00-04:00,126.51422668553421,129.20643359067904,125.77188847366834,129.1470489501953,96906500,0.0,0.0
2021-06-15 00:00:00-04:00,128.61258163793556,129.2658429376085,128.06819722154142,128.31564331054688,62746300,0.0,0.0
2021-06-16 00:00:00-04:00,129.03818834815377,129.5528804687705,127.14771160840321,128.8204345703125,91815000,0.0,0.0
2021-06-17 00:00:00-04:00,128.47400348532724,131.19591027483455,128.3255267805174,130.44366455078125,96721700,0.0,0.0
2021-06-18 00:00:00-04:00,129.37471964824556,130.16653504967778,128.90951979330322,129.1272735595703,108953300,0.0,0.0
2021-06-21 00:00:00-04:00,128.9688873632307,131.0573326792656,127.89002618414146,130.94845581054688,79663300,0.0,0.0
2021-06-22 00:00:00-04:00,130.78020569591038,132.71028207957275,130.27540603201484,132.61129760742188,74783600,0.0,0.0
2021-06-23 00:00:00-04:00,132.4034596358875,132.94784406092427,131.86896761752013,132.33416748046875,60214200,0.0,0.0
2021-06-24 00:00:00-04:00,133.0765188608704,133.26458032648088,131.57204223889906,132.04714965820312,68711000,0.0,0.0
2021-06-25 00:00:00-04:00,132.09661363671935,132.5222136180012,131.4532448076695,131.75018310546875,70783700,0.0,0.0
2021-06-28 00:00:00-04:00,132.04712233893864,133.86832176074518,131.98773769953985,133.4031219482422,62111300,0.0,0.0
2021-06-29 00:00:00-04:00,133.42293279534456,135.09567075572232,132.97753286044713,134.9373016357422,64556100,0.0,0.0
2021-06-30 00:00:00-04:00,134.77892923800377,136.00626723363584,134.48199092099003,135.5608673095703,63261400,0.0,0.0
2021-07-01 00:00:00-04:00,135.20455257546746,135.92709094526174,134.37312221666343,135.86770629882812,52485800,0.0,0.0
2021-07-02 00:00:00-04:00,136.49124412959276,138.56979712767154,136.34278253097682,138.53021240234375,78852600,0.0,0.0
2021-07-06 00:00:00-04:00,138.639106808964,141.6876294407514,138.639106808964,140.56918334960938,108181800,0.0,0.0
2021-07-07 00:00:00-04:00,142.0736478097109,143.40986280666652,141.2026477973974,143.0931396484375,104911600,0.0,0.0
2021-07-08 00:00:00-04:00,140.13365738408123,142.58831812078364,139.23295008251992,141.77670288085938,105575500,0.0,0.0
2021-07-09 00:00:00-04:00,141.29170254583394,144.16207084710751,141.19271807906898,143.62759399414062,99890800,0.0,0.0
2021-07-12 00:00:00-04:00,144.71638750022112,144.82526439114451,142.52895727454586,143.0238494873047,76299700,0.0,0.0
2021-07-13 00:00:00-04:00,142.55866794540808,145.95363681535719,142.16276016541505,144.1522216796875,100827100,0.0,0.0
2021-07-14 00:00:00-04:00,146.58703574255304,148.04201962236593,146.1713131172574,147.6262969970703,127050800,0.0,0.0
2021-07-15 00:00:00-04:00,147.715410999908,148.46764161370334,145.58736574169922,146.96316528320312,106820300,0.0,0.0
2021-07-16 00:00:00-04:00,146.94337664147025,148.23008408625498,144.38973145992966,144.89451599121094,93251400,0.0,0.0
2021-07-19 00:00:00-04:00,142.2815042049239,142.59824245498606,140.22275088825288,140.99478149414062,121434600,0.0,0.0
2021-07-20 00:00:00-04:00,141.9944601237727,145.59727431584838,141.49956798143864,144.65696716308594,96350000,0.0,0.0
2021-07-21 00:00:00-04:00,144.0433038634573,144.63718046768722,143.1525040600219,143.9146270751953,74993500,0.0,0.0
2021-07-22 00:00:00-04:00,144.44910847076395,146.68601532426592,144.32043169191675,145.30032348632812,77338200,0.0,0.0
2021-07-23 00:00:00-04:00,146.04268165708558,147.20072751674385,145.4191126930733,147.0423583984375,71447400,0.0,0.0
2021-07-26 00:00:00-04:00,146.7553410656241,148.29940235365285,146.19115669343032,147.46798706054688,72434100,0.0,0.0
2021-07-27 00:00:00-04:00,147.59662917207515,147.68572123679712,144.06310709400378,145.27064514160156,104818600,0.0,0.0
2021-07-28 00:00:00-04:00,143.33067035638305,145.4686081927338,141.08385563661875,143.49893188476562,118931200,0.0,0.0
2021-07-29 00:00:00-04:00,143.21192937501885,145.05292924752234,143.10305247008372,144.1522216796875,56699500,0.0,0.0
2021-07-30 00:00:00-04:00,142.90507269667282,144.83514920465618,142.63782668697942,144.3699493408203,70440600,0.0,0.0
2021-08-02 00:00:00-04:00,144.86481659531003,145.44878565054373,143.76615552555947,144.0334014892578,62880000,0.0,0.0
2021-08-03 00:00:00-04:00,144.3204606788752,146.5276756579512,143.69689167510435,145.85462951660156,64786600,0.0,0.0
2021-08-04 00:00:00-04:00,145.76554500311417,146.28022198942892,144.78565306259276,145.4488067626953,56368300,0.0,0.0
2021-08-05 00:00:00-04:00,145.47850891598947,146.32972411600016,144.67678595725263,145.5576934814453,46397700,0.0,0.0
2021-08-06 00:00:00-04:00,145.07197283337462,145.82533052282517,144.35825917998426,144.86380004882812,54126800,0.22,0.0
2021-08-09 00:00:00-04:00,144.9232489718839,145.41888252864518,144.24919459494578,144.814208984375,48908700,0.0,0.0
2021-08-10 00:00:00-04:00,145.16116726509495,146.4200808102231,144.03112329265593,144.32850646972656,69023100,0.0,0.0
2021-08-11 00:00:00-04:00,144.7745858746514,145.43873312161486,144.25912266598647,144.58624267578125,48493500,0.0,0.0
2021-08-12 00:00:00-04:00,144.9133641202077,147.74838910762438,144.56641452669234,147.58978271484375,72282600,0.0,0.0
2021-08-13 00:00:00-04:00,147.66908878668752,148.13498562109137,146.97520471168343,147.79795837402344,59375000,0.0,0.0
2021-08-16 00:00:00-04:00,147.24285179909305,149.86971946404933,145.19093616228375,149.80032348632812,103296000,0.0,0.0
2021-08-17 00:00:00-04:00,148.9180925258283,150.3554271849607,147.7880483308265,148.87844848632812,92229700,0.0,0.0
2021-08-18 00:00:00-04:00,148.4918405008644,149.40380457683918,144.8737058795701,145.08187866210938,86326000,0.0,0.0
2021-08-19 00:00:00-04:00,143.7635001630919,146.70756535354053,143.23812968639598,145.41891479492188,86960300,0.0,0.0
2021-08-20 00:00:00-04:00,146.15243887972568,147.2031796951743,145.49819889539597,146.89588928222656,60549600,0.0,0.0
2021-08-23 00:00:00-04:00,147.01486549217276,148.87845304204183,146.59853499975225,148.40264892578125,60131800,0.0,0.0
2021-08-24 00:00:00-04:00,148.14487141061736,149.54256171156823,147.847488242782,148.31338500976562,48606400,0.0,0.0
2021-08-25 00:00:00-04:00,148.5017264039991,149.00728232091038,146.50928491683504,147.06439208984375,58991300,0.0,0.0
2021-08-26 00:00:00-04:00,147.0545262210558,147.81779123583394,146.22185010182648,146.2515869140625,48597200,0.0,0.0
2021-08-27 00:00:00-04:00,146.19210790359497,147.45102170218664,145.5477901614988,147.30233764648438,55802400,0.0,0.0
2021-08-30 00:00:00-04:00,147.69880582432938,152.14960078731605,147.31221223960932,151.78282165527344,90956700,0.0,0.0
2021-08-31 00:00:00-04:00,151.32685822622233,151.46563503272614,149.9688118423592,150.5041046142578,86453100,0.0,0.0
2021-09-01 00:00:00-04:00,151.4954049803808,153.62662393052716,151.00967848859182,151.17819213867188,80313700,0.0,0.0
2021-09-02 00:00:00-04:00,152.52630757363963,153.36889090046404,151.06914330875597,152.3082275390625,71115500,0.0,0.0
2021-09-03 00:00:00-04:00,152.4172371561978,153.27964989384705,151.75308995628478,152.95252990722656,57808700,0.0,0.0
2021-09-07 00:00:00-04:00,153.61668962243957,155.88668500930376,153.04175279234505,155.32167053222656,82278300,0.0,0.0
2021-09-08 00:00:00-04:00,155.60914299322587,155.6686166136142,152.63534096949593,153.75547790527344,74420200,0.0,0.0
2021-09-09 00:00:00-04:00,154.13214598173397,154.74672681995065,152.60558598769336,152.72454833984375,57305700,0.0,0.0
2021-09-10 00:00:00-04:00,153.64643879307147,154.12224288450545,147.40145148153553,147.66909790039062,140893200,0.0,0.0
2021-09-13 00:00:00-04:00,149.314588987418,150.0976834506593,147.4510017387163,148.2440185546875,102404300,0.0,0.0
2021-09-14 00:00:00-04:00,149.03702904821466,149.75074263975785,145.62706747207207,146.8264923095703,109296300,0.0,0.0
2021-09-15 00:00:00-04:00,147.2626645701246,148.13498461594702,145.0917868087046,147.7285614013672,83281300,0.0,0.0
2021-09-16 00:00:00-04:00,147.1437119027383,147.66908233124153,145.93436465679636,147.4906463623047,68034100,0.0,0.0
2021-09-17 00:00:00-04:00,147.52039201659565,147.52039201659565,144.4871016780683,144.78448486328125,129868800,0.0,0.0
2021-09-20 00:00:00-04:00,142.54421702561703,143.57512819069083,140.03631238432968,141.6917266845703,123478900,0.0,0.0
2021-09-21 00:00:00-04:00,142.6730933603061,143.33725575308227,141.53314203045025,142.17745971679688,75834000,0.0,0.0
2021-09-22 00:00:00-04:00,143.1885262212354,145.15123079818494,142.445075913622,144.57630920410156,76404300,0.0,0.0
2021-09-23 00:00:00-04:00,145.36935453451275,145.7956073711636,144.36817993067487,145.54779052734375,64838200,0.0,0.0
2021-09-24 00:00:00-04:00,144.3879868973897,146.18217814552932,144.28885412517332,145.63697814941406,53477900,0.0,0.0
2021-09-27 00:00:00-04:00,144.19965768417003,144.6853841142566,142.56407266280857,144.10052490234375,74150700,0.0,0.0
2021-09-28 00:00:00-04:00,141.9990558012966,143.48595690916358,140.4526810692014,140.67076110839844,108972300,0.0,0.0
2021-09-29 00:00:00-04:00,141.225845822947,143.1885507359227,140.78968581438843,141.58270263671875,74602000,0.0,0.0
2021-09-30 00:00:00-04:00,142.40546907819214,143.11918276994632,140.0462479790304,140.2643280029297,89056700,0.0,0.0
2021-10-01 00:00:00-04:00,140.66083110271762,141.67192803621955,137.8952018477599,141.40428161621094,94639600,0.0,0.0
2021-10-04 00:00:00-04:00,140.5220577001363,140.9681401195255,137.06254424012337,137.92494201660156,98322000,0.0,0.0
2021-10-05 00:00:00-04:00,138.27186803066658,140.99785284757138,138.14299845369553,139.87771606445312,80861100,0.0,0.0
2021-10-06 00:00:00-04:00,138.25205879864728,140.90864804184758,137.16165866119078,140.7599639892578,83221100,0.0,0.0
2021-10-07 00:00:00-04:00,141.81070902671078,142.96058281815925,141.47368174748823,142.0386962890625,61732700,0.0,0.0
2021-10-08 00:00:00-04:00,142.77222118622976,142.92090522390907,141.3150571148209,141.65208435058594,58773200,0.0,0.0
2021-10-11 00:00:00-04:00,141.02758857893377,143.54540060812292,140.57159901234482,141.5628662109375,64452200,0.0,0.0
2021-10-12 00:00:00-04:00,141.97921193254552,141.9990415138065,139.8083341134001,140.27423095703125,73035900,0.0,0.0
2021-10-13 00:00:00-04:00,140.0065785947929,140.16516984438618,137.98438512573023,139.67945861816406,78762700,0.0,0.0
2021-10-14 00:00:00-04:00,140.86900777111217,142.6235552663012,140.27424129376476,142.5045928955078,69907100,0.0,0.0
2021-10-15 00:00:00-04:00,142.51448626330088,143.63460788787404,142.25674711695387,143.57513427734375,67940300,0.0,0.0
2021-10-18 00:00:00-04:00,142.19728338334633,145.55767874155003,141.9098225373041,145.2702178955078,85589200,0.0,0.0
2021-10-19 00:00:00-04:00,145.72620441752707,147.86734547574622,145.27022991703205,147.46092224121094,76378900,0.0,0.0
2021-10-20 00:00:00-04:00,147.40143573379245,148.44226936210674,146.82649891886132,147.95654296875,58418800,0.0,0.0
2021-10-21 00:00:00-04:00,147.5104895421514,148.33324324437865,146.57869582817023,148.1746368408203,61421000,0.0,0.0
2021-10-22 00:00:00-04:00,148.38280784933752,148.86851915676957,147.34197413613626,147.39154052734375,58883400,0.0,0.0
2021-10-25 00:00:00-04:00,147.38162401968384,148.0656009190758,146.3308830367789,147.34197998046875,50720600,0.0,0.0
2021-10-26 00:00:00-04:00,148.0259442148759,149.5227523571978,147.70873142613738,148.0160369873047,60893400,0.0,0.0
2021-10-27 00:00:00-04:00,148.05569655851596,148.4224606491332,147.19329877764198,147.55015563964844,56094900,0.0,0.0
2021-10-28 00:00:00-04:00,148.5116706292052,151.83240693024038,148.41253785133745,151.23765563964844,100077900,0.0,0.0
2021-10-29 00:00:00-04:00,145.93436523686793,148.63061335733727,145.13144118730497,148.49183654785156,124953200,0.0,0.0
2021-11-01 00:00:00-04:00,147.68893175751825,148.39272312399527,146.50932116029472,147.65919494628906,74588300,0.0,0.0
2021-11-02 00:00:00-04:00,147.36179111350808,150.24638240391315,147.3518687607919,148.7099151611328,69122000,0.0,0.0
2021-11-03 00:00:00-04:00,149.07668369619415,150.64288779329823,148.51166921921921,150.16708374023438,54511500,0.0,0.0
2021-11-04 00:00:00-04:00,150.25627389777875,151.098841885858,149.32448037228494,149.64169311523438,60394600,0.0,0.0
2021-11-05 00:00:00-04:00,150.78332100696807,151.09105990733445,148.96665266379824,150.17776489257812,65463900,0.22,0.0
2021-11-08 00:00:00-05:00,150.30682106123973,150.46565892682412,149.06592863813512,149.34388732910156,55020900,0.0,0.0
2021-11-09 00:00:00-05:00,149.10562555246344,150.32665941469958,148.9666462116204,149.711181640625,56787900,0.0,0.0
2021-11-10 00:00:00-05:00,148.9269755955137,149.03617475393773,146.77278778625399,146.84226989746094,65187100,0.0,0.0
2021-11-11 00:00:00-05:00,147.87468759558044,148.34124925078933,146.603999709781,146.79261779785156,41000000,0.0,0.0
2021-11-12 00:00:00-05:00,147.3485245323615,149.30417222838756,146.40544930807383,148.8971710205078,63804000,0.0,0.0
2021-11-15 00:00:00-05:00,149.27438853960484,150.773396265693,148.34123502345756,148.90708923339844,59222800,0.0,0.0
2021-11-16 00:00:00-05:00,148.847551548835,150.386261402048,148.25191704190908,149.8998260498047,59256200,0.0,0.0
2021-11-17 00:00:00-05:00,149.8998103313401,153.87066623415706,149.88988864472378,152.37167358398438,88807000,0.0,0.0
2021-11-18 00:00:00-05:00,152.59006342316175,157.51391598741014,151.93486860004094,156.71974182128906,137827700,0.0,0.0
2021-11-19 00:00:00-05:00,156.50135411157177,159.84681055070544,155.38951929251502,159.38023376464844,117305600,0.0,0.0
2021-11-22 00:00:00-05:00,160.50198144150875,164.49269569411993,159.82694323781791,159.8468017578125,117467900,0.0,0.0
2021-11-23 00:00:00-05:00,159.94608271463377,160.6211361446583,157.90109419747841,160.23397827148438,96041900,0.0,0.0
2021-11-24 00:00:00-05:00,159.57876928078093,160.95864108109905,158.47685617782096,160.76010131835938,69463600,0.0,0.0
2021-11-26 00:00:00-05:00,158.40738081294487,159.28095883566746,155.22076219668756,155.66748046875,76959800,0.0,0.0
2021-11-29 00:00:00-05:00,158.20882303898063,160.0155697636401,157.63304710961486,159.07249450683594,88748200,0.0,0.0
2021-11-30 00:00:00-05:00,158.824317927473,164.31402512233345,158.75482067678726,164.0956268310547,174048100,0.0,0.0
2021-12-01 00:00:00-05:00,166.25973495812315,169.05919568337487,163.33123171442875,163.56948852539062,152052500,0.0,0.0
2021-12-02 00:00:00-05:00,157.5834350878611,163.00364536420906,156.65028144932128,162.5668487548828,136739200,0.0,0.0
2021-12-03 00:00:00-05:00,162.82495199996603,163.7581055691342,158.5562788365443,160.66082763671875,118023100,0.0,0.0
2021-12-06 00:00:00-05:00,163.09298436861943,166.65683931504157,163.08306268127524,164.11549377441406,107497000,0.0,0.0
2021-12-07 00:00:00-05:00,167.84807953110933,170.32986445116782,167.11346574163133,169.93276977539062,120405400,0.0,0.0
2021-12-08 00:00:00-05:00,170.8758638264993,174.67796022325538,169.45627494503262,173.8043670654297,116998900,0.0,0.0
2021-12-09 00:00:00-05:00,173.6356029187815,175.46219297543243,172.65281064218578,173.28814697265625,108923700,0.0,0.0
2021-12-10 00:00:00-05:00,173.93344939049624,178.32124402759038,173.41723380153942,178.14254760742188,115402700,0.0,0.0
2021-12-13 00:00:00-05:00,179.80035524072528,180.8030060774729,174.2510876035614,174.45956420898438,153237000,0.0,0.0
2021-12-14 00:00:00-05:00,173.97312475453813,176.44498801446233,170.95528092445915,173.05982971191406,139380400,0.0,0.0
2021-12-15 00:00:00-05:00,173.8341328731367,178.19214631927463,171.054530903815,177.9936065673828,131063300,0.0,0.0
2021-12-16 00:00:00-05:00,177.97375418038732,179.82020271706764,169.50590547310088,171.00489807128906,150185800,0.0,0.0
2021-12-17 00:00:00-05:00,168.69189100132846,172.20610721590282,168.45364932414665,169.89308166503906,195432700,0.0,0.0
2021-12-20 00:00:00-05:00,167.0538929570055,169.33713794391005,166.2398754402622,168.51318359375,107499100,0.0,0.0
2021-12-21 00:00:00-05:00,170.30999498047393,171.93804517745306,167.88777063061454,171.72958374023438,91185900,0.0,0.0
2021-12-22 00:00:00-05:00,171.779212973609,174.57867354647837,170.89569817568596,174.3602752685547,92135300,0.0,0.0
2021-12-23 00:00:00-05:00,174.56874576165595,175.56145966386018,173.99296988066408,174.99560546875,68356600,0.0,0.0
2021-12-27 00:00:00-05:00,175.7997295274217,179.1054691701526,175.77988615247278,179.01612854003906,74919600,0.0,0.0
2021-12-28 00:00:00-05:00,178.84734451154483,180.00881798704324,177.22921596521877,177.98367309570312,79144300,0.0,0.0
2021-12-29 00:00:00-05:00,178.02340509325785,179.31393633478197,176.84207299865378,178.0730438232422,62348900,0.0,0.0
2021-12-30 00:00:00-05:00,178.16239293883953,179.25438446007803,176.7924426935793,176.90164184570312,59773000,0.0,0.0
2021-12-31 00:00:00-05:00,176.79241492163843,177.9241081624129,175.96846056643068,176.27621459960938,64062300,0.0,0.0
2022-01-03 00:00:00-05:00,176.5343311884229,181.54753988246833,176.4152103565022,180.68386840820312,104487900,0.0,0.0
2022-01-04 00:00:00-05:00,181.29937667421308,181.60711561437049,177.814940570537,178.39071655273438,99310400,0.0,0.0
2022-01-05 00:00:00-05:00,178.30135394065044,178.8572713314495,173.36756437588954,173.64552307128906,94537600,0.0,0.0
2022-01-06 00:00:00-05:00,171.44170769541878,174.0227701984993,170.38943326108424,170.74681091308594,96904000,0.0,0.0
2022-01-07 00:00:00-05:00,171.63034375776877,172.87123640890297,169.78389488697647,170.91558837890625,86709100,0.0,0.0
2022-01-10 00:00:00-05:00,167.8480836818823,171.24316371876682,166.94471031321402,170.9354248046875,106765600,0.0,0.0
2022-01-11 00:00:00-05:00,171.0644819080856,173.9036293757923,169.57541092412643,173.8043670654297,76138300,0.0,0.0
2022-01-12 00:00:00-05:00,174.83678098570869,175.8890553789366,173.54626493219564,174.25108337402344,74805200,0.0,0.0
2022-01-13 00:00:00-05:00,174.49926440259577,175.3331405209295,170.5383301190904,170.9354248046875,84505800,0.0,0.0
2022-01-14 00:00:00-05:00,170.09161485236655,172.5138394605897,169.84343634984555,171.80902099609375,80440800,0.0,0.0
2022-01-18 00:00:00-05:00,170.2603681050138,171.2828622856886,168.17567784968264,168.56283569335938,90956700,0.0,0.0
2022-01-19 00:00:00-05:00,168.76139624486726,169.83352928578373,164.73097944052,165.01885986328125,94815000,0.0,0.0
2022-01-20 00:00:00-05:00,165.76337558380487,168.44370029130383,162.98377341959315,163.31137084960938,91420500,0.0,0.0
2022-01-21 00:00:00-05:00,163.22203425958355,165.11812163730272,161.11748542427597,161.2266845703125,122848900,0.0,0.0
2022-01-24 00:00:00-05:00,158.8540953095489,161.1174819719777,153.572849665473,160.4424285888672,162294600,0.0,0.0
2022-01-25 00:00:00-05:00,157.82165529953733,161.5741127181503,155.8759444923518,158.61582946777344,115798400,0.0,0.0
2022-01-26 00:00:00-05:00,162.30872689204585,163.1922416802326,156.67011906353088,158.5264892578125,108275300,0.0,0.0
2022-01-27 00:00:00-05:00,161.26638318190655,162.64625500957473,157.12676769890203,158.05992126464844,121954600,0.0,0.0
2022-01-28 00:00:00-05:00,164.50264025953007,169.10883251995136,161.61383894285115,169.08897399902344,179935700,0.0,0.0
2022-01-31 00:00:00-05:00,168.92021233808782,173.7249443051576,168.27493917067227,173.5065460205078,115541600,0.0,0.0
2022-02-01 00:00:00-05:00,172.74214938306358,173.56610378116932,171.0545386937105,173.33778381347656,86213900,0.0,0.0
2022-02-02 00:00:00-05:00,173.47676802891397,174.59853967370483,172.06711599483322,174.55882263183594,84914300,0.0,0.0
2022-02-03 00:00:00-05:00,173.20873345875123,174.9559197829358,170.865927826642,171.64024353027344,89418100,0.0,0.0
2022-02-04 00:00:00-05:00,170.64627338228976,173.05171542909753,169.6522945806681,171.3520050048828,82465400,0.22,0.0
2022-02-07 00:00:00-05:00,171.81917533074096,172.90260857862143,169.920672189797,170.62640380859375,77251200,0.0,0.0
2022-02-08 00:00:00-05:00,170.69597292451732,174.29418644863887,170.3977762548955,173.77731323242188,74829200,0.0,0.0
2022-02-09 00:00:00-05:00,174.98995603651943,175.58633416614745,173.84687141263714,175.21856689453125,71285000,0.0,0.0
2022-02-10 00:00:00-05:00,173.09145949245777,174.4233873818168,170.51705816147754,171.0836181640625,90865900,0.0,0.0
2022-02-11 00:00:00-05:00,171.29237229427264,172.0378564111164,167.02819465245506,167.6245880126953,98670700,0.0,0.0
2022-02-14 00:00:00-05:00,166.36222623212313,168.55892604471177,165.55710583407395,167.86314392089844,86185500,0.0,0.0
2022-02-15 00:00:00-05:00,169.94055450630296,171.9086282587488,169.2248885659749,171.7495880126953,62527400,0.0,0.0
2022-02-16 00:00:00-05:00,170.81526522696853,172.29628395278138,169.02610032865508,171.51104736328125,61177400,0.0,0.0
2022-02-17 00:00:00-05:00,170.00019226552067,170.87489845940758,167.45560897448178,167.86314392089844,69589300,0.0,0.0
2022-02-18 00:00:00-05:00,168.79747901829634,169.51312976648896,165.18933129355253,166.2926483154297,82772700,0.0,0.0
2022-02-22 00:00:00-05:00,163.98661137777358,165.686321728739,161.17364967037983,163.33059692382812,91162800,0.0,0.0
2022-02-23 00:00:00-05:00,164.54323572614354,165.1495633707791,158.78810543272732,159.10618591308594,90009200,0.0,0.0
2022-02-24 00:00:00-05:00,151.6612882538564,161.86945485263948,151.08477872553206,161.76011657714844,141147500,0.0,0.0
2022-02-25 00:00:00-05:00,162.85347834975738,164.12576996444983,159.9013601838302,163.85740661621094,91974200,0.0,0.0
2022-02-28 00:00:00-05:00,162.07818425208973,164.42397487815762,161.4519727409586,164.1257781982422,95056600,0.0,0.0
2022-03-01 00:00:00-05:00,163.70829907568702,165.59686782372285,160.99474130203532,162.2173309326172,83474400,0.0,0.0
2022-03-02 00:00:00-05:00,163.40018137838788,166.35229975516722,161.9688494178993,165.55711364746094,79724800,0.0,0.0
2022-03-03 00:00:00-05:00,167.45561348203296,167.89296659074904,164.55319713963277,165.22909545898438,76678400,0.0,0.0
2022-03-04 00:00:00-05:00,163.4995745248361,164.5531896019822,161.12396585395928,162.18751525878906,83737200,0.0,0.0
2022-03-07 00:00:00-05:00,162.37638731974857,164.0263958688658,158.0823913606359,158.34083557128906,96418800,0.0,0.0
2022-03-08 00:00:00-05:00,157.8637152065082,161.89926657769385,154.8618950805529,156.4920196533203,131148300,0.0,0.0
2022-03-09 00:00:00-05:00,160.5076915112648,162.42607847170905,158.4501632931606,161.96884155273438,91454900,0.0,0.0
2022-03-10 00:00:00-05:00,159.23541373936797,159.4242721535076,155.04082164723204,157.56553649902344,105342000,0.0,0.0
2022-03-11 00:00:00-05:00,157.9730478888915,158.32094654553381,153.5697289599951,153.79833984375,96970100,0.0,0.0
2022-03-14 00:00:00-04:00,150.5380779089142,153.19199933824714,149.19621570320402,149.71307373046875,108732100,0.0,0.0
2022-03-15 00:00:00-04:00,149.99138511885175,154.6332791604779,149.47452709657287,154.15615844726562,92964300,0.0,0.0
2022-03-16 00:00:00-04:00,156.10435958555945,159.0365937494323,153.52995836429926,158.62905883789062,102300200,0.0,0.0
2022-03-17 00:00:00-04:00,157.65498578203386,160.03059462349492,156.6808907571484,159.6528778076172,75615400,0.0,0.0
2022-03-18 00:00:00-04:00,159.5435225538599,163.48961937630497,158.79803849672663,162.9926300048828,123511700,0.0,0.0
2022-03-21 00:00:00-04:00,162.52546566723498,165.34837694334914,162.02847627475953,164.38421630859375,95811400,0.0,0.0
2022-03-22 00:00:00-04:00,164.51341496156118,168.3998754552763,163.91703682073802,167.80349731445312,81532000,0.0,0.0
2022-03-23 00:00:00-04:00,166.97850078182339,171.60049604398313,166.64053646962913,169.1851348876953,98062700,0.0,0.0
2022-03-24 00:00:00-04:00,170.03001047844032,173.09146699125515,169.18513760168298,173.0218963623047,90131400,0.0,0.0
2022-03-25 00:00:00-04:00,172.83303023844041,174.22459442437307,171.70982939535128,173.66796875,80546200,0.0,0.0
2022-03-28 00:00:00-04:00,171.13333871111868,174.67190103025024,170.96436412474597,174.54269409179688,90371900,0.0,0.0
2022-03-29 00:00:00-04:00,175.62611024791792,177.9321330937355,175.27821161373308,177.8824462890625,100589400,0.0,0.0
2022-03-30 00:00:00-04:00,177.4749177289686,178.52853282999885,175.63605088266362,176.69961547851562,92633200,0.0,0.0
2022-03-31 00:00:00-04:00,176.7691868156868,176.95804521510198,173.34989730414173,173.5586395263672,103049300,0.0,0.0
2022-04-01 00:00:00-04:00,172.98212416940794,173.8270121908666,170.9047121796906,173.26043701171875,78751300,0.0,0.0
2022-04-04 00:00:00-04:00,173.5188771702962,177.41527203909934,173.38965507975473,177.36557006835938,76468400,0.0,0.0
2022-04-05 00:00:00-04:00,176.43123102675108,177.22641707321185,173.36977460637007,174.00592041015625,73401800,0.0,0.0
2022-04-06 00:00:00-04:00,171.32220249706853,172.58455993712545,169.1056338138,170.79539489746094,89058800,0.0,0.0
2022-04-07 00:00:00-04:00,170.12940544393604,172.31615564710734,168.82729571614863,171.10350036621094,77594700,0.0,0.0
2022-04-08 00:00:00-04:00,170.74568359670104,170.74568359670104,168.18121637435488,169.06585693359375,76575500,0.0,0.0
2022-04-11 00:00:00-04:00,167.6941675201345,168.0122328445956,164.50348894628465,164.75198364257812,72246700,0.0,0.0
2022-04-12 00:00:00-04:00,167.00833042878227,168.84718219898758,165.63663476397116,166.65049743652344,79265200,0.0,0.0
2022-04-13 00:00:00-04:00,166.38210700020622,170.01012347221368,165.76584501141576,169.3739776611328,70618900,0.0,0.0
2022-04-14 00:00:00-04:00,169.5926472579075,170.2387425371213,164.04624408527485,164.29473876953125,75329400,0.0,0.0
2022-04-18 00:00:00-04:00,162.93299565418673,165.59686660363903,162.5851121901809,164.07608032226562,69023900,0.0,0.0
2022-04-19 00:00:00-04:00,164.02636980905078,166.8095132107186,162.92305284208967,166.39202880859375,67723800,0.0,0.0
2022-04-20 00:00:00-04:00,167.74383916906535,167.86312692600833,165.09986736625714,166.22305297851562,67929800,0.0,0.0
2022-04-21 00:00:00-04:00,167.89295072730525,170.49717014343693,164.9110145408051,165.41793823242188,87227800,0.0,0.0
2022-04-22 00:00:00-04:00,165.45770514734525,166.85920362198345,160.5275640005738,160.81581115722656,84882400,0.0,0.0
2022-04-25 00:00:00-04:00,160.14984919132885,162.1875086347889,157.505877278764,161.89926147460938,96046400,0.0,0.0
2022-04-26 00:00:00-04:00,161.27306222870766,161.36251668171838,155.77636061232414,155.8558807373047,95623200,0.0,0.0
2022-04-27 00:00:00-04:00,154.9712438880591,158.8278714564273,154.4444363185795,155.6272735595703,88063200,0.0,0.0
2022-04-28 00:00:00-04:00,158.29111233812597,163.52938447824855,157.97303186524098,162.65467834472656,130216800,0.0,0.0
2022-04-29 00:00:00-04:00,160.86551803826276,165.1992660159074,156.30315919374743,156.70074462890625,131747600,0.0,0.0
2022-05-02 00:00:00-04:00,155.76640725218522,157.27724394147694,152.34711813036822,157.00888061523438,123055300,0.0,0.0
2022-05-03 00:00:00-04:00,157.19773603328576,159.7423344186147,155.37876823541308,158.5197296142578,88966500,0.0,0.0
2022-05-04 00:00:00-04:00,158.70859881247208,165.47759225416536,158.30106384993948,165.02037048339844,108256500,0.0,0.0
2022-05-05 00:00:00-04:00,162.86343698354142,163.09204786717407,154.01701631696497,155.82606506347656,130525300,0.0,0.0
2022-05-06 00:00:00-04:00,155.29845587683994,158.7128200499041,153.47680041487448,156.5626678466797,116124600,0.23,0.0
2022-05-09 00:00:00-04:00,154.22339130095347,155.11929571384945,150.79909313781306,151.36648559570312,131577900,0.0,0.0
2022-05-10 00:00:00-04:00,154.8107011158029,156.02513809593762,152.23250216927008,153.8052978515625,115366700,0.0,0.0
2022-05-11 00:00:00-04:00,152.79992279990134,154.7410262732007,145.1449926410875,145.83184814453125,142689800,0.0,0.0
2022-05-12 00:00:00-04:00,142.11885420628667,145.53320326022177,138.16695949591633,141.90980529785156,182602000,0.0,0.0
2022-05-13 00:00:00-04:00,143.930560441247,147.42456200094043,142.45731457424003,146.43907165527344,113990900,0.0,0.0
2022-05-16 00:00:00-04:00,144.88618481663863,146.84720133994506,143.52242272544947,144.876220703125,86643800,0.0,0.0
2022-05-17 00:00:00-04:00,148.18108492014485,149.08693826812137,146.01101949253066,148.55935668945312,78336300,0.0,0.0
2022-05-18 00:00:00-04:00,146.1802465462499,146.68791504913003,139.2619322411955,140.17774963378906,109742900,0.0,0.0
2022-05-19 00:00:00-04:00,139.24203158314157,141.01391203490772,135.97699242331208,136.72357177734375,136095600,0.0,0.0
2022-05-20 00:00:00-04:00,138.4556220425916,140.0582796158484,132.00518086844554,136.96246337890625,137426100,0.0,0.0
2022-05-23 00:00:00-04:00,137.16154733021222,142.60660043919802,137.02218646334876,142.45729064941406,117726300,0.0,0.0
2022-05-24 00:00:00-04:00,140.167777933398,141.32249094051113,136.70365410125396,139.71983337402344,104132700,0.0,0.0
2022-05-25 00:00:00-04:00,137.79864041261953,141.143316713921,137.70905453051603,139.87911987304688,92482700,0.0,0.0
2022-05-26 00:00:00-04:00,136.76338162011353,143.68168054371543,136.51452183732786,143.12423706054688,90601500,0.0,0.0
2022-05-27 00:00:00-04:00,144.7269029809294,148.99733041553594,144.5974910259061,148.95751953125,90978500,0.0,0.0
2022-05-31 00:00:00-04:00,148.39014055917926,149.97288536682532,146.17030003156708,148.1611785888672,103718400,0.0,0.0
2022-06-01 00:00:00-04:00,149.21632867736875,151.04794833287008,147.00645245788502,148.03176879882812,74286600,0.0,0.0
2022-06-02 00:00:00-04:00,147.15578107392005,150.58009440606662,146.1902038195928,150.52037048339844,72348100,0.0,0.0
2022-06-03 00:00:00-04:00,146.23000604486705,147.29513323335976,143.80114726142193,144.71694946289062,88570300,0.0,0.0
2022-06-06 00:00:00-04:00,146.35943583327517,147.89242082738866,144.23914531053285,145.47349548339844,71598400,0.0,0.0
2022-06-07 00:00:00-04:00,143.69165331785607,148.32043948101446,143.44279352006913,148.03176879882812,67808200,0.0,0.0
2022-06-08 00:00:00-04:00,147.90235419449328,149.18646404482885,146.78746718091847,147.28518676757812,53950200,0.0,0.0
2022-06-09 00:00:00-04:00,146.40919321064464,147.2752204177352,141.87994200299897,141.98944091796875,69473000,0.0,0.0
2022-06-10 00:00:00-04:00,139.64020493262163,140.11801147912576,136.43488960431387,136.50457763671875,91437900,0.0,0.0
2022-06-13 00:00:00-04:00,132.2639937045203,134.5833687240071,130.84052302477633,131.2785186767578,122207100,0.0,0.0
2022-06-14 00:00:00-04:00,132.5228180510515,133.27934633209432,130.88033435055627,132.1544952392578,84784300,0.0,0.0
2022-06-15 00:00:00-04:00,133.6775168702502,136.71360931786054,131.55724180781743,134.81231689453125,91533000,0.0,0.0
2022-06-16 00:00:00-04:00,131.47760344980713,131.7861871529731,128.4514599578914,129.46681213378906,108123900,0.0,0.0
2022-06-17 00:00:00-04:00,129.476781537977,132.473048004086,129.21795762988225,130.95997619628906,134520300,0.0,0.0
2022-06-21 00:00:00-04:00,132.81149741093162,136.43489552327404,132.7119626035731,135.2503204345703,81000500,0.0,0.0
2022-06-22 00:00:00-04:00,134.17523784405142,137.13169336771202,133.29926171091967,134.73269653320312,73409200,0.0,0.0
2022-06-23 00:00:00-04:00,136.19599006792677,137.95790640487849,135.01141506416644,137.63937377929688,72433800,0.0,0.0
2022-06-24 00:00:00-04:00,139.26193336095488,141.26277580732736,139.13253659792312,141.013916015625,89116800,0.0,0.0
2022-06-27 00:00:00-04:00,142.04916606586042,142.83557151358974,140.32706056025512,141.013916015625,70207900,0.0,0.0
2022-06-28 00:00:00-04:00,141.48178384613567,142.76589378071344,136.69372353862704,136.81317138671875,67083400,0.0,0.0
2022-06-29 00:00:00-04:00,136.83308470100044,140.0284361574898,136.04667919494787,138.59500122070312,66242400,0.0,0.0
2022-06-30 00:00:00-04:00,136.62403237492694,137.73891943613194,133.15990815675642,136.09645080566406,98964500,0.0,0.0
2022-07-01 00:00:00-04:00,135.41953761567962,138.4058551171261,135.04128106081654,138.29635620117188,71051600,0.0,0.0
2022-07-05 00:00:00-04:00,137.14165987257712,140.96414267254468,136.30547941886212,140.91436767578125,73353800,0.0,0.0
2022-07-06 00:00:00-04:00,140.70534152188264,143.46269725835947,140.4365686762617,142.26817321777344,74064300,0.0,0.0
2022-07-07 00:00:00-04:00,142.63648401749376,145.88162570650832,142.62653509306523,145.6825408935547,66253700,0.0,0.0
2022-07-08 00:00:00-04:00,144.59748899170543,146.87705320681815,144.33868027449634,146.36936950683594,64547800,0.0,0.0
2022-07-11 00:00:00-04:00,145.0056133591971,145.9711905112205,143.12423404849903,144.20925903320312,63141600,0.0,0.0
2022-07-12 00:00:00-04:00,145.09519793899548,147.77293155179356,144.38844468301394,145.1947479248047,77588800,0.0,0.0
2022-07-13 00:00:00-04:00,142.33784867312522,145.7820596055233,141.4718062891649,144.82644653320312,71185600,0.0,0.0
2022-07-14 00:00:00-04:00,143.42286957061637,148.27065320210835,142.5966532821247,147.7928466796875,78140700,0.0,0.0
2022-07-15 00:00:00-04:00,149.09688672954687,150.17196292119337,147.52409092264904,149.485107421875,76259900,0.0,0.0
2022-07-18 00:00:00-04:00,150.05250615183553,150.8787224867289,146.03092339378097,146.3992462158203,81420900,0.0,0.0
2022-07-19 00:00:00-04:00,147.24535544718992,150.54025656318242,146.23996738607792,150.31130981445312,82982400,0.0,0.0
2022-07-20 00:00:00-04:00,150.43076903149228,153.01891706137496,149.68418962162576,152.34201049804688,64823400,0.0,0.0
2022-07-21 00:00:00-04:00,153.7953501309987,154.86047732239646,151.2470283131448,154.6414794921875,65086600,0.0,0.0
2022-07-22 00:00:00-04:00,154.6812962845666,155.56723656273138,152.71033092658584,153.38722229003906,66675400,0.0,0.0
2022-07-25 00:00:00-04:00,153.30758929375963,154.3328904784987,151.58548369063433,152.25242614746094,53623900,0.0,0.0
2022-07-26 00:00:00-04:00,151.56557822986622,152.39179464911086,150.11224539732333,150.90859985351562,55138700,0.0,0.0
2022-07-27 00:00:00-04:00,151.88411487185436,156.61245106915064,151.46603223079703,156.0749053955078,78620700,0.0,0.0
2022-07-28 00:00:00-04:00,156.26404714882594,156.92104069055887,153.70577620848624,156.6323699951172,81378700,0.0,0.0
2022-07-29 00:00:00-04:00,160.5046172769359,162.88371628623167,158.7725476526149,161.76881408691406,101786900,0.0,0.0
2022-08-01 00:00:00-04:00,160.2756720864842,162.84390723687477,160.15622423411185,160.7733917236328,67829400,0.0,0.0
2022-08-02 00:00:00-04:00,159.36981346933962,161.66927546804612,158.9019558552344,159.28021240234375,59907000,0.0,0.0
2022-08-03 00:00:00-04:00,160.1064327289438,165.83020796615168,160.01684684889895,165.372314453125,82507500,0.0,0.0
2022-08-04 00:00:00-04:00,165.25285677560205,166.4274829346168,163.68006101069574,165.05377197265625,55474100,0.0,0.0
2022-08-05 00:00:00-04:00,162.69131039105352,165.32291962127968,162.48197109772286,164.8245086669922,56697000,0.23,0.0
2022-08-08 00:00:00-04:00,165.84125642570908,167.2766824108495,163.6781547045971,164.3460235595703,60276900,0.0,0.0
2022-08-09 00:00:00-04:00,163.49872517782944,165.2930075617619,162.73116808936774,164.39585876464844,63135500,0.0,0.0
2022-08-10 00:00:00-04:00,167.14709345439704,168.80182150404417,166.3695735679933,168.7021484375,70170500,0.0,0.0
2022-08-11 00:00:00-04:00,169.51953129530312,170.4465835793945,167.65547919403863,167.95452880859375,57149200,0.0,0.0
2022-08-12 00:00:00-04:00,169.28030209789867,171.6228244331093,168.86162351548464,171.5530548095703,68039400,0.0,0.0
2022-08-15 00:00:00-04:00,170.97489665354067,172.83894874040908,170.80543875567037,172.63958740234375,54091700,0.0,0.0
2022-08-16 00:00:00-04:00,172.2308818122952,173.15793406252746,171.114446183047,172.48008728027344,56377100,0.0,0.0
2022-08-17 00:00:00-04:00,172.2209279685229,175.59017572668876,172.02156662589755,173.99526977539062,79542000,0.0,0.0
2022-08-18 00:00:00-04:00,173.19780442533812,174.34414352158925,172.5698017635806,173.59652709960938,62290100,0.0,0.0
2022-08-19 00:00:00-04:00,172.48009490945282,173.18784516234604,170.7655599971013,170.9748992919922,70346300,0.0,0.0
2022-08-22 00:00:00-04:00,169.1507179794907,169.3201758846035,166.6088189822079,167.03746032714844,69026800,0.0,0.0
2022-08-23 00:00:00-04:00,166.54901489461727,168.17383955663962,166.12037354248244,166.6985321044922,54147100,0.0,0.0
2022-08-24 00:00:00-04:00,166.7882497685939,167.57573238726073,165.72164302084133,166.99757385253906,53841500,0.0,0.0
2022-08-25 00:00:00-04:00,168.2435966662045,169.5992750392858,167.8149705562579,169.4896240234375,51218200,0.0,0.0
2022-08-26 00:00:00-04:00,170.02791506649217,170.50638530914838,163.04018396568136,163.09999084472656,78961000,0.0,0.0
2022-08-29 00:00:00-04:00,160.63784647162018,162.38228483322453,159.31208670186084,160.86712646484375,73314000,0.0,0.0
2022-08-30 00:00:00-04:00,161.61475149324065,162.04337764106893,157.2187629379375,158.4049835205078,77906200,0.0,0.0
2022-08-31 00:00:00-04:00,159.80051286736014,160.06965903336808,156.64058933856774,156.7203369140625,87991100,0.0,0.0
2022-09-01 00:00:00-04:00,156.14218035699346,157.91652210568583,154.17844001541343,157.45799255371094,74229900,0.0,0.0
2022-09-02 00:00:00-04:00,159.24230009428894,159.85036206769303,154.47749258215669,155.3148193359375,76957800,0.0,0.0
2022-09-06 00:00:00-04:00,155.97271621882112,156.59074089905192,153.20155269029058,154.03887939453125,73714800,0.0,0.0
2022-09-07 00:00:00-04:00,154.32797907277038,156.17209052389492,153.12181784049147,155.46435546875,87449600,0.0,0.0
2022-09-08 00:00:00-04:00,154.14853685064924,155.86307172260464,152.19475924878316,153.9691162109375,84923800,0.0,0.0
2022-09-09 00:00:00-04:00,154.97590225915687,157.31843981204372,154.25818927317857,156.86985778808594,68028800,0.0,0.0
2022-09-12 00:00:00-04:00,159.0828062403022,163.73796277204346,158.79373457661734,162.9105987548828,104956000,0.0,0.0
2022-09-13 00:00:00-04:00,159.39181237199492,160.02977776615919,152.88256671878463,153.35107421875,122656600,0.0,0.0
2022-09-14 00:00:00-04:00,154.2980546051442,156.60072596178833,153.1218120686851,154.81640625,87965400,0.0,0.0
2022-09-15 00:00:00-04:00,154.1584948151664,154.74663127334506,150.8988982790863,151.8857421875,90481100,0.0,0.0
2022-09-16 00:00:00-04:00,150.72944296987112,150.8689974244765,147.89845727455574,150.22105407714844,162278800,0.0,0.0
2022-09-19 00:00:00-04:00,148.8354619988437,154.06877650068935,148.62613793653435,153.98902893066406,81474200,0.0,0.0
2022-09-20 00:00:00-04:00,152.91247523626416,157.57760969437513,152.59350013373685,156.40135192871094,107689800,0.0,0.0
2022-09-21 00:00:00-04:00,156.83995090867316,158.2355106664936,153.11184681301395,153.23146057128906,101696800,0.0,0.0
2022-09-22 00:00:00-04:00,151.89572115572633,153.9790752099598,150.43039179253188,152.25457763671875,86652500,0.0,0.0
2022-09-23 00:00:00-04:00,150.70949864101166,150.98860754349533,148.0878522959387,149.951904296875,96029900,0.0,0.0
2022-09-26 00:00:00-04:00,149.184359672814,153.28129802846505,149.1644189772054,150.29083251953125,93339400,0.0,0.0
2022-09-27 00:00:00-04:00,152.25459117131524,154.22829438707754,149.4734493938222,151.27769470214844,84442700,0.0,0.0
2022-09-28 00:00:00-04:00,147.17077972632435,150.1612453251066,144.37967545873536,149.36378479003906,146691400,0.0,0.0
2022-09-29 00:00:00-04:00,145.63568141888646,146.2537061115344,140.23289349368721,142.0271759033203,128138200,0.0,0.0
2022-09-30 00:00:00-04:00,140.83098574088635,142.64520875716596,137.561411382814,137.76077270507812,124925300,0.0,0.0
2022-10-03 00:00:00-04:00,137.77075379156528,142.61530856321642,137.25240217365317,141.9972686767578,114311700,0.0,0.0
2022-10-04 00:00:00-04:00,144.56907445151867,145.7552949093355,143.80151735346757,145.63568115234375,87830100,0.0,0.0
2022-10-05 00:00:00-04:00,143.61212619755543,146.91160397177816,142.55548229693827,145.93470764160156,79471000,0.0,0.0
2022-10-06 00:00:00-04:00,145.34660115048433,147.07109880642605,144.75847987046598,144.96780395507812,68402200,0.0,0.0
2022-10-07 00:00:00-04:00,142.08698598730314,142.6452190242337,139.00680998728507,139.644775390625,85925600,0.0,0.0
2022-10-10 00:00:00-04:00,139.97372436523438,141.43905372263615,138.12961304238414,139.97372436523438,74899000,0.0,0.0
2022-10-11 00:00:00-04:00,139.455373857875,140.90077774102062,137.78072041326573,138.53829956054688,77033700,0.0,0.0
2022-10-12 00:00:00-04:00,138.68782736060726,139.91391396398876,137.72090895972195,137.90032958984375,70433700,0.0,0.0
2022-10-13 00:00:00-04:00,134.56100748264458,143.13366757092444,133.94296749860055,142.53558349609375,113224000,0.0,0.0
2022-10-14 00:00:00-04:00,143.85136248803218,144.06070177451622,137.75081747437108,137.94021606445312,88598000,0.0,0.0
2022-10-17 00:00:00-04:00,140.6216750026474,142.44584572401777,139.82421442772264,141.95741271972656,85250900,0.0,0.0
2022-10-18 00:00:00-04:00,145.02762748233005,146.23377349496536,140.16313161639417,143.29315185546875,99136600,0.0,0.0
2022-10-19 00:00:00-04:00,141.23969978013898,144.4893337521676,141.05030118235993,143.40280151367188,61758300,0.0,0.0
2022-10-20 00:00:00-04:00,142.56547640821393,145.42635047441524,142.19664195183546,142.93429565429688,64522000,0.0,0.0
2022-10-21 00:00:00-04:00,142.41594577119247,147.3801299862693,142.19664372745996,146.80197143554688,86548600,0.0,0.0
2022-10-24 00:00:00-04:00,146.7222094733143,149.7525411828542,145.53598904675192,148.9750213623047,75981900,0.0,0.0
2022-10-25 00:00:00-04:00,149.61300086165943,152.00538263644177,148.88532510659155,151.85585021972656,74732300,0.0,0.0
2022-10-26 00:00:00-04:00,150.4802347559906,151.5069600554983,147.5695015382254,148.87535095214844,88194300,0.0,0.0
2022-10-27 00:00:00-04:00,147.5994250833106,148.57630628013624,143.67194438895876,144.33981323242188,109180200,0.0,0.0
2022-10-28 00:00:00-04:00,147.72901012268744,156.9994573107125,147.35022812424057,155.24505615234375,164762400,0.0,0.0
2022-10-31 00:00:00-04:00,152.67324049804895,153.7498099375138,151.43717590970908,152.8526611328125,97943200,0.0,0.0
2022-11-01 00:00:00-04:00,154.5871322591724,154.9559514714537,148.65604537292373,150.17120361328125,80379300,0.0,0.0
2022-11-02 00:00:00-04:00,148.4766164959247,151.68638417741636,144.5391730984064,144.56907653808594,93604600,0.0,0.0
2022-11-03 00:00:00-04:00,141.60851546422614,142.34616913959746,138.30903743720913,138.43862915039062,97918500,0.0,0.0
2022-11-04 00:00:00-04:00,141.87337223189732,142.45248981788646,134.17513508781377,138.16903686523438,140814800,0.23,0.0
2022-11-07 00:00:00-05:00,136.9009680696026,138.9378512618122,135.46316099956002,138.7082061767578,83374600,0.0,0.0
2022-11-08 00:00:00-05:00,140.19595465754696,141.21438874188797,137.2804079000758,139.28733825683594,89908500,0.0,0.0
2022-11-09 00:00:00-05:00,138.28885379755712,138.33878061859662,134.3848110193813,134.6643829345703,74917800,0.0,0.0
2022-11-10 00:00:00-05:00,141.0246811012293,146.64608764648438,139.2873282957614,146.64608764648438,118854000,0.0,0.0
2022-11-11 00:00:00-05:00,145.5976968693643,149.78129619085396,144.14989528403856,149.47177124023438,93979700,0.0,0.0
2022-11-14 00:00:00-05:00,148.7428903236262,150.0508907370346,147.20522958510344,148.05393981933594,73374100,0.0,0.0
2022-11-15 00:00:00-05:00,151.98793316773146,153.35583964941193,148.33350938945418,149.81124877929688,89868300,0.0,0.0
2022-11-16 00:00:00-05:00,148.90264936136032,149.64151144673716,147.06544294661816,148.5631561279297,64218300,0.0,0.0
2022-11-17 00:00:00-05:00,146.20676578312631,151.249070299437,145.92719385120074,150.490234375,80389400,0.0,0.0
2022-11-18 00:00:00-05:00,152.07780599909802,152.46721084756112,149.74137690831932,151.05935668945312,74829600,0.0,0.0
2022-11-21 00:00:00-05:00,149.9310789171737,150.14075023214048,147.49479635405007,147.7843475341797,58724100,0.0,0.0
2022-11-22 00:00:00-05:00,147.90417207850066,150.1906741367349,146.70598935984444,149.95103454589844,51804100,0.0,0.0
2022-11-23 00:00:00-05:00,149.22216569366014,151.5985423428866,149.11233277536326,150.83970642089844,58301400,0.0,0.0
2022-11-25 00:00:00-05:00,148.08389309478014,148.6530314202629,146.89570485921556,147.8842010498047,35195900,0.0,0.0
2022-11-28 00:00:00-05:00,144.9187329576504,146.41644620245273,143.16142156853874,144.00013732910156,69246000,0.0,0.0
2022-11-29 00:00:00-05:00,144.07002697444088,144.58923851402218,140.13604619898288,140.9547882080078,83763800,0.0,0.0
2022-11-30 00:00:00-05:00,141.1844241065441,148.49327179491166,140.33572910591766,147.8043212890625,111380900,0.0,0.0
2022-12-01 00:00:00-05:00,147.98405441772488,148.9026500113426,146.3864875898084,148.08389282226562,71250400,0.0,0.0
2022-12-02 00:00:00-05:00,145.73748529631726,147.7743685373902,145.42794510491697,147.58465576171875,65447400,0.0,0.0
2022-12-05 00:00:00-05:00,147.54472505394742,150.68991670273059,145.5477741060148,146.40646362304688,68826400,0.0,0.0
2022-12-06 00:00:00-05:00,146.84580044654479,147.07544554770604,141.70364243300787,142.692138671875,64727200,0.0,0.0
2022-12-07 00:00:00-05:00,141.97323784331442,143.1514316539594,139.7865739980885,140.7251434326172,69721100,0.0,0.0
2022-12-08 00:00:00-05:00,142.14297444003518,143.3012096900115,140.8849007802157,142.43252563476562,62128300,0.0,0.0
2022-12-09 00:00:00-05:00,142.12300136097016,145.34808824881955,140.68519417953706,141.9432830810547,76097000,0.0,0.0
2022-12-12 00:00:00-05:00,142.48244994808528,144.2797088844082,140.84495074733036,144.2697296142578,70462700,0.0,0.0
2022-12-13 00:00:00-05:00,149.2720849650318,149.74136966169044,144.02010940021566,145.24822998046875,93886200,0.0,0.0
2022-12-14 00:00:00-05:00,145.1284209340085,146.43642140956896,140.94480612495332,142.99168395996094,82291200,0.0,0.0
2022-12-15 00:00:00-05:00,140.8948731264304,141.5838236332574,135.8226159485364,136.29190063476562,98931900,0.0,0.0
2022-12-16 00:00:00-05:00,136.48161611453304,137.4401440456549,133.52612198326594,134.304931640625,160156900,0.0,0.0
2022-12-19 00:00:00-05:00,134.90402599847008,134.99388513733263,131.1198105407187,132.16819763183594,79592600,0.0,0.0
2022-12-20 00:00:00-05:00,131.18969601172026,133.04686106071304,129.69198275400117,132.0983123779297,77432800,0.0,0.0
2022-12-21 00:00:00-05:00,132.77726411897868,136.60142700841098,132.5476190261614,135.24349975585938,85928000,0.0,0.0
2022-12-22 00:00:00-05:00,134.14519029767675,134.35486162199837,130.10136145210436,132.02841186523438,77852100,0.0,0.0
2022-12-23 00:00:00-05:00,130.7204119064058,132.21812517101014,129.44236447278556,131.6589813232422,63814900,0.0,0.0
2022-12-27 00:00:00-05:00,131.17971990929533,131.20967295633088,128.52377134494225,129.83177185058594,69007800,0.0,0.0
2022-12-28 00:00:00-05:00,129.4723179852512,130.83024529280124,125.67811560525497,125.84785461425781,85438400,0.0,0.0
2022-12-29 00:00:00-05:00,127.79488144356102,130.28108338985564,127.53528328955181,129.41241455078125,75703700,0.0,0.0
2022-12-30 00:00:00-05:00,128.21424649852997,129.75189211151405,127.23573712704906,129.73191833496094,77034200,0.0,0.0
